id,seed,category,title,script,description,cta,used,created_at
1,Pinay na nagtrabaho bilang au pair sa Europe — nag-aral ng international business — ngayon ay may import-export company,overseas_dream,Mula Au Pair Hanggang CEO: ₱0 Puhunan → Global Import-Export! 💎 | CEO Stories PH,"[NARRATOR]
Isang umaga, nagising siya sa lamig ng isang silid-tulugan na walang heater sa gitna ng Europa, pero limang taon mula noon, nakikipag-negosasyon na siya sa mga malalaking kumpanya sa buong mundo.

Hayaan ninyong ikuwento ko kung paano nagsimula ang lahat.

[OP]
Ako si Maria, 22 years old noon. Galing ako sa isang maliit na probinsya sa Bicol. Ang pangarap ko lang naman talaga noon, makatulong sa pamilya ko, maiahon sila sa hirap. Nakapag-aral ako ng Business Administration, pero hindi sapat ang pera para makakuha ng master’s degree, lalo na abroad.

[NARRATOR]
Kaya naman, ang tanging paraan para makalayo at makapag-aral ng mas mataas ay ang maging au pair sa Germany. Isang hamon na hindi biro para sa isang dalagang Pilipina na malayo sa bayan. Pero si Maria, hindi sumuko. I-like at mag-comment ng 💪 kung naiintindihan mo ang pakiramdam ng lumayo para sa pangarap.

[OP]
Nung una, mahirap talaga. Malayo ako sa pamilya ko, sa kultura namin. Tamang-tama lang ang sweldo ko bilang au pair. Pero ang ginamit ko para makalayo at makapag-aral ng mas mataas ay ang aking determinasyon. Every night, pagkatapos ng trabaho ko sa bahay ng mga Aleman, nagbabasa ako ng mga libro tungkol sa international business. May mga oras na talagang pagod ako, pero iniisip ko, ito ang daan ko.

[CHARACTER_M]
Maria, sigurado ka ba diyan? Ang hirap ng pinasok mo. Paano ka makakapag-aral ng international business kung dito ka lang sa amin nagtatrabaho?

[OP]
Alam ko, Johann. Pero ito ang pagkakataon ko. Makikipagsapalaran ako. Mag-aaral ako sa gabi, sa weekends. Gagawin ko lahat.

[CHARACTER_M]
Hindi ko lang maintindihan kung saan mo hinuhugot ang lakas mo. Ang dami mong sakripisyo.

[OP]
Para sa pamilya ko, Johann. Para sa pangarap ko.

[NARRATOR]
Pero ang pinakamalaking pagsubok ay hindi pa dumarating. Habang nag-aaral si Maria ng master’s degree sa Germany, isang malaking katanungan ang bumabagabag sa kanya: Paano niya gagamitin ang natututunan niya para sa Pilipinas? Manatili kayo — dahil ang susunod ay HINDI kapani-paniwala.

[OP]
Nagtapos ako ng master’s degree sa International Business. Masaya ako, pero kasabay noon, nakaramdam ako ng lungkot. Ang daming opportunities sa Europe, sa America. Pero ang puso ko, nasa Pilipinas pa rin. Gusto kong ibalik yung natutunan ko. Nakita ko yung potential ng mga produkto natin sa Pilipinas – yung mga gawa ng ating mga kababayan. Yung mga handicrafts, yung mga pagkain. Pero walang market. Walang tulay.

[CHARACTER_F]
Maria, sigurado ka bang kaya mo ‘yan? Ang laki ng kompetisyon sa import-export business. Lalo na kung galing ka lang sa pagiging au pair. Baka masayang lang ang pera mo at ang oras mo.

[OP]
Alam ko, Lena. Mahirap. Pero naniniwala ako sa mga produkto natin. Gusto kong ipakilala sa mundo kung gaano kaganda ang mga gawa ng Pilipino. Yung mga tao sa probinsya, gusto kong mabigyan sila ng mas magandang oportunidad. Hindi pwedeng ganito na lang.

[CHARACTER_F]
Sige, suportado kita. Pero mag-ingat ka. Marami talagang matatalinong negosyante diyan.

[OP]
Gagawin ko ang lahat para magtagumpay. Simulan ko sa maliit. Mag-iimport ako ng ilang produkto, tapos mag-eexport din ako ng mga Pilipinong gawa. Kailangan kong maging matatag.

[NARRATOR]
At doon nga nagsimula ang lahat. Si Maria, mula sa pagiging au pair na naglilinis ng bahay, ay unti-unting gumawa ng sarili niyang import-export company. Hindi naging madali. May mga pagkakataon na halos wala na siyang tulog, halos wala na siyang kinakain. Pero sa bawat pagsubok, lalo siyang tumatatag. Ang kanyang pangarap na makatulong sa mga kapwa Pilipino ang naging gasolina niya.

Ngayon, ang kumpanya ni Maria ay isa na sa mga respetadong import-export company sa Europa, na nagbibigay ng bentahe sa mga maliliit na negosyo at mga artisanong Pilipino. Ang dating au pair na nangangarap lang sa malamig na silid-tulugan ay isa na ngayong inspirasyon.

I-share mo naman ang kwentong ito sa mga kaibigan mo na nangangarap din! At i-subscribe mo na ang CEO Stories Philippines para sa marami pang kwento ng tagumpay. Ano ang susunod na kwento na gusto mong marinig? I-comment mo sa baba!","Ito ang YouTube description:

Mula sa pagiging au pair sa ibang bansa hanggang sa pagiging isang matagumpay na CEO ng isang global import-export company! 🇵🇭✈️🌍 Paano niya ito nagawa nang walang puhunan? Panoorin ang nakaka-inspire na kwento!

👇 MAG-COMMENT:
1. Ano ang pinaka-inspiring na bahagi ng kwento niya para sa iyo?
2. Anong business idea ang naiisip mo pagkatapos mapanood ito?
3. Gusto mo bang malaman pa ang tungkol sa import-export?

⏱️ MGA KABANATA:
0:00 Simula: Ang Pangarap na Lumipad
1:30 Au Pair Life sa Europe: Mga Hamon at Aral
3:45 Pag-aaral ng International Business: Ang Pagbabago
5:50 Mula Walang Puhunan: Pagsisimula ng Import-Export
8:10 Mga Sikreto sa Tagumpay: Paglago ng Kumpanya
10:00 Payo para sa mga Nais Maging Negosyante

Kung nagustuhan mo ang video na ito, huwag kalimutang mag-LIKE, mag-SUBSCRIBE para sa mas marami pang CEO Stories PH, at i-SHARE sa iyong mga kaibigan!

#CEOStoriesPH #PinayCEO #ImportExport #GlobalBusiness #EntrepreneurPH #SuccessStory #FromZeroToHero #BusinessMotivation #InspiringFilipino #Puhunan #Negosyo #Travel #Europe #InternationalBusiness #FilipinoPride #Grit #Resilience #MillionaireMindset #BusinessPH #PinayPower","Handa ka na bang gawin ang next level ng iyong business journey, tulad ni [pangalan ng guest]? I-share mo sa comments ang pinaka-malaking pangarap mo para sa iyong negosyo! At kung na-inspire ka, huwag kalimutang mag-like at mag-subscribe para sa marami pang kwentong tagumpay!",false,2026-09-27T09:06:22
2,Tatlong beses na bumagsak sa board exam — pero hindi sumuko — nagtayo ng review center — ngayon ay kilalang educator at CEO,rags_to_riches,3x Bagsak sa Exam → CEO! 🏆 | Tagalog Success,"[NARRATOR]
Tatlong beses siyang bumagsak sa board exam, muntik nang sumuko, at halos mawalan na ng pag-asa. Ngayon, siya ang nagpapatakbo ng pinaka-kilalang review center sa Pilipinas, at libu-libo ang nagpapasalamat sa kanyang kaalaman.

Hayaan ninyong ikuwento ko kung paano nagsimula ang lahat.

[OP_MALE]
Ako si Miguel. Lumaki ako sa probinsya, sa isang simpleng pamilya. Hindi kami mayaman, pero hindi rin kami nagugutom. Ang pangarap ko talaga ay maging isang mahusay na Engineer. Alam ko na ito ang magiging daan para makaahon kami ng pamilya ko sa hirap. Kaya nagsumikap ako sa pag-aaral, pinilit ko ang sarili ko.

[NARRATOR]
Pero ang daan patungo sa pangarap ay hindi laging tuwid. Para kay Miguel, ito ay punong-puno ng pagsubok. Ang pinakamalaking pagsubok? Ang board exam.

I-like at mag-comment ng 💪 kung naiintindihan mo ang pakiramdam ng pagsubok nang paulit-ulit.

[OP_MALE]
Pagkatapos ng apat na taon ng paghihirap sa kolehiyo, dumating ang unang board exam. Akala ko handa na ako. Pero paglabas ng resulta, bagsak. Sobrang sakit. Naramdaman ko yung hiya, yung pagkabigo. Sabi ng iba, ""Baka hindi para sa iyo 'yan, Miguel.""

Pero pinilit ko ulit. Nag-aral ulit ako nang mas mabuti. Dumating ang pangalawang board exam. Bagsak ulit. Mas malala ang naramdaman ko noon. Halos hindi na ako makatingin sa nanay ko.

[CHARACTER_M]
Miguel, anak, okay lang 'yan. Subukan mo ulit. Nandito kami para sa'yo.

[OP_MALE]
Sabi ni Tatay, ""Huwag kang susuko. Alam kong kaya mo 'yan."" Kahit na napapagod na ako, kahit na gusto ko nang umiyak, nagpatuloy ako. Nag-ipon ako ng konting pera, naghanap ako ng part-time job para makapag-review ulit. Pinilit ko. Pangatlong beses. At bagsak na naman.

[NARRATOR]
Tatlong beses na bumagsak. Para sa marami, ito na ang katapusan. Pero para kay Miguel, ito ang simula ng isang hindi inaasahang pagbabago. Manatili kayo — dahil ang susunod na mangyayari ay HINDI kapani-paniwala.

[OP_MALE]
Naiyak ako sa kwarto ko. Naisip ko, tama ba sila? Baka nga hindi ko kaya. Gusto ko na lang magtrabaho sa bukid, tulad ni Kuya. Pero nakita ko yung itsura ni Nanay at Tatay tuwing tinitingnan nila ako. Nakita ko yung pag-asa sa mata nila. Hindi ko sila pwedeng biguin.

Isang gabi, habang nagbabasa ako ng mga lumang libro, naisip ko, ""Bakit kaya ganito kahirap intindihin yung mga lessons?"" Napansin ko na yung mga review center noon, parang hindi nila masyadong binibigyan ng pansin yung mga estudyanteng nahihirapan talaga. Yung mga nasa likod ng classroom.

[CHARACTER_F]
Miguel, ano'ng iniisip mo? Mukha kang may malalim na iniisip.

[OP_MALE]
Naiisip ko lang, Nanay. Kung ako nahihirapan, siguro marami pa ang nahihirapan tulad ko. Paano kung gumawa ako ng sarili kong paraan ng pagtuturo? Yung mas simple, mas madaling maintindihan? Yung para sa mga tulad natin na hirap sa simula?

[NARRATOR]
Mula sa pangarap na maging Engineer, nabuo ang isang mas malaking pangarap: ang maging instrumento para sa tagumpay ng iba. Sa maliit na espasyo sa kanilang bahay, nagsimulang buuin ni Miguel ang kanyang review center.

[OP_MALE]
Nagsimula ako sa maliit. Kumuha ako ng ilang kaklase ko na hindi rin pumasa. Tinuruan ko sila gamit ang sarili kong paraan. Yung mga hindi ko naintindihan noon, sinubukan kong ipaintindi sa kanila sa mas simpleng paraan. Nagulat ako, marami silang natutunan. At sa kasamaang palad, ang pang-apat na board exam ko, hindi ko na kinuha. Nag-focus ako sa pagtuturo.

[NARRATOR]
At doon nagsimula ang himala. Ang maliit na review center na nagsimula sa sala ng kanilang bahay ay lumaki nang lumaki. Ang mga estudyanteng tinuruan ni Miguel, marami ang pumasa sa board exam. Ang balita ay kumalat. Mula sa pagiging estudyante na tatlong beses bumagsak, naging inspirasyon siya ng libu-libo. Ngayon, siya ay isang kilalang educator at matagumpay na CEO ng isang malaking review center.

[OP_MALE]
Ang pinakamalaking aral na natutunan ko ay hindi dapat sukatin ang kakayahan ng isang tao sa kung ilang beses siyang bumagsak, kundi sa kung ilang beses siyang babangon. Ang pagkabagsak ko noon ang nagturo sa akin kung paano maging isang mas mabuting guro, at kung paano abutin ang pangarap ng iba.

[NARRATOR]
Ang kwento ni Miguel ay patunay na kahit gaano kahirap ang pagsubok, basta may determinasyon at puso, kaya nating abutin ang ating mga pangarap, at higit pa.

Kung napa-inspire ka sa kwento ni Miguel, mag-share ka ng video na ito para marami pa ang mabigyan ng pag-asa. At huwag kalimutang mag-subscribe sa CEO Stories Philippines para sa marami pang kwento ng tagumpay. Ano ang susunod na kwento na gusto mong marinig? I-comment mo sa baba!","Handa ka na bang marinig ang kuwento ng isang tao na hindi sumuko kahit tatlong beses na bumagsak sa board exam? 🤯 Ang kanyang paglalakbay mula sa pagkabigo tungo sa pagiging isang matagumpay na CEO at kilalang educator ay magbibigay sa iyo ng inspirasyon! 🚀

👇 MAG-COMMENT:
1. Anong aral ang nakuha mo sa kuwentong ito? 🤔
2. Ano ang iyong pangarap na tagumpay? ✨
3. Sino ang gusto mong makarinig ng kuwentong ito? 🗣️

⏱️ MGA KABANATA:
0:00 Intro: Ang Simula ng Pangarap
1:30 Ang Hirap ng Pagbagsak sa Exam
3:15 Ang Desisyon na Hindi Sumuko
5:00 Pagtayo ng Sariling Review Center
7:45 Mga Hamon at Tagumpay Bilang Educator
10:20 Ang Pagiging CEO: Isang Bagong Yugto
12:15 Mensahe Para sa mga Nagsusumikap

Huwag kalimutang mag-SUBSCRIBE para sa mas marami pang nakaka-inspire na kuwento! 👍 I-LIKE ang video kung nagustuhan mo at i-SHARE sa iyong mga kaibigan na nangangailangan ng inspirasyon! Maraming salamat sa panonood! 🙏

#SuccessStory #Inspiration #Motivation #Tagalog #FilipinoSuccess #NeverGiveUp #Entrepreneur #CEO #Educator #BoardExam #ReviewCenter #Achievement #Grit #Resilience #DreamBig #BelieveInYourself #PinoyPride #SuccessMindset #PersonalGrowth #CareerGoals","Nakaka-inspire ba ang kwento ng ating CEO? Ano ang pinaka-nakapagpa-bago sa buhay mo? I-share mo na 'yan sa comments! At kung gusto mo pa ng mas maraming kwentong tagumpay, don't forget to LIKE and SUBSCRIBE!",false,2026-09-27T09:06:39
3,Nagtrabaho sa palengke simula edad 10 — nag-aral sa gabi — naging accountant — ngayon ay CFO ng malaking kumpanya,humble_beginning,Mula Palengke 10yrs → CFO ng Malaking Kumpanya! 😱 | CEO Stories PH,"[NARRATOR]
Isang dekada na siyang nagbebenta ng isda sa palengke, nag-aaral sa gabi, pero ngayon, siya na ang Chief Financial Officer ng isa sa pinakamalaking kumpanya sa Pilipinas.

Hayaan ninyong ikuwento ko kung paano nagsimula ang lahat.

[OP_MALE]
Ang pangalan ko ay Miguel. Nagsimula ako sa palengke ng Baguio noong ako ay sampung taong gulang pa lang. Ang pangarap ko noon? Makabili ng sarili kong tricycle para sana makatulong sa aking nanay. Hindi ko akalain na aabot ako sa ganito.

[NARRATOR]
Ang pangarap ni Miguel ay kasing simple ng pangarap ng maraming Pilipino: ang makaahon sa hirap. Ngunit ang daan na kanyang tinahak ay hindi naging madali. Madalas, ang kailangang pagpipilian ay pagkaing ilalagay sa hapag, o ang pambili ng notebook para sa pag-aaral.

I-like at mag-comment ng 💪 kung naiintindihan mo ang pakiramdam ng lumaban para sa pangarap.

[OP_MALE]
Bumabangon ako ng madaling araw, mga alas-tres ng umaga. Dito sa palengke, wala kang pahinga. Kailangan mong magbuhat ng mga kahon ng isda, magbenta, tumawad, at makipagsigawan para lang may kumita ka. Kadalasan, ang kinikita ko noon ay mga dalawang daan, tatlong daan na piso. Minsan, wala pa. Pero pagdating ng gabi, nandoon ako sa bahay, sinusubukan kong magbasa ng mga libro. Mahirap talaga. Yung mata ko, parang ayaw na dumilat sa pagod.

[CHARACTER_F]
Miguel, anak, natutulog ka na ba? Uminom ka muna ng kape. Baka magkasakit ka niyan.

[OP_MALE]
Salamat, Inay. Konti na lang 'to. Kailangan ko 'tong matapos.

[CHARACTER_F]
Huwag mong pilitin ang sarili mo, anak. Sapat na ang pinaghirapan mo ngayong araw.

[OP_MALE]
Hindi pa sapat, Inay. Gusto kong makatapos. Gusto kong may maipagmalaki ka sa akin.

[NARRATOR]
Pero may isang bagay na hindi ko pa nasasabi sa inyo. Habang nagtatrabaho si Miguel sa palengke, may isang maliit na notebook siyang laging dala. Dito niya isinusulat ang mga numero. Hindi lang basta numero, kundi mga presyo ng mga paninda, mga utang, mga tubo. Para sa kanya, ang mga numero ay isang paraan para maintindihan ang mundo sa kanyang paligid.

[OP_MALE]
Napansin ko noon, habang nagtitinda kami, ang daming hindi napapansing mga detalye sa pera. Kung paano napupunta ang pera. Kung paano pwedeng dumami. Nagsimula akong magtanong-tanong, magbasa ng mga lumang libro tungkol sa negosyo na natatagpuan ko sa mga bookstore. Kahit na nakakahiya minsan, pumapasok ako sa mga opisina sa bandang hapon, nagtatanong ako sa mga accountant.

[CHARACTER_M]
Teka, ikaw ba yung taga-palengke? Anong kailangan mo dito?

[OP_MALE]
Gusto ko lang po sanang malaman kung paano kayo nagre-record ng mga benta at gastos.

[CHARACTER_M]
Naku, mahirap 'yan. Kailangan mo ng degree.

[OP_MALE]
Hindi po ba pwede kahit kaunti lang? Gusto ko pong matuto.

[NARRATOR]
Ang mga salitang ""mahirap 'yan"" at ""kailangan mo ng degree"" ay hindi tumalab kay Miguel. Bagkus, lalo itong nagpatibay sa kanyang determinasyon. Manatili kayo — dahil ang susunod na mangyayari ay HINDI kapani-paniwala.

[OP_MALE]
Napatalsik ako sa trabaho ko sa palengke dahil masyado na akong nagbabasa ng libro imbes na magbenta. Galit si Mayor. Sabi niya, ""Wala kang mapapala sa mga libro mo, bumalik ka na lang sa pagbenta ng isda!"" Nabalitaan ko rin na may nag-uusap na mga supplier, sabi nila, ""Kawawa naman si Miguel, nagloloko na."" Akala nila wala akong maririnig. Pero narinig ko. Naramdaman ko yung hiya. Yung galit. Para bang gusto kong sumigaw sa buong palengke, ""Mali kayo!""

[CHARACTER_M2]
Miguel, nandito na ako. Sige na, kain na tayo. Napagod ka siguro.

[OP_MALE]
Hindi, Aling Nena. Hindi pa ako tapos. Kung hindi na ako pagkakatiwalaan dito, hahanap ako ng ibang paraan.

[CHARACTER_F]
Anak, baka itong si Mang Jose, may maitutulong sa iyo. Accountant siya sa isang maliit na kompanya dito sa bayan.

[OP_MALE]
Sige po, Inay. Pupuntahan ko siya bukas.

[OP_MALE]
Nung kinabukasan, pinuntahan ko si Mang Jose. Nakatayo lang ako sa labas ng opisina niya mga dalawang oras. Nagdadalawang isip ako, baka mamahiya na naman ako. Pero nung lumabas siya, nilapitan ko na.

[CHARACTER_M]
Ikaw na naman? Ano na naman?

[OP_MALE]
Mang Jose, may trabaho po ba kayo diyan? Kahit sa paglilinis lang po. O kaya pag-aayos ng papeles. Kahit ano po, basta makapasok ako at makapagmasid. Gusto ko pong matuto kung paano talaga ang accounting.

[CHARACTER_M]
Tsk. Sige na nga. Makikita ko sa iyo kung gaano ka kaseryoso. Maglinis ka muna dito. Tapos, tingnan natin.

[NARRATOR]
Ang pagiging tapat at sipag ni Miguel ay hindi nagtagal ay napansin ni Mang Jose. Binigyan siya nito ng mga simpleng gawain sa bookkeeping. Hindi alam ni Mang Jose, bawat numero na binibigay sa kanya ni Miguel ay sinusuri niya. Bawat entry, pinag-aaralan niya.

[OP_MALE]
Nung una, ang trabaho ko lang ay maglista ng mga resibo. Pero habang ginagawa ko 'yon, nagtatanong ako. Bakit ganito ang gastos? Bakit ganito ang kita? Minsan, napapansin ko, may mga mali. Hindi ko mapigilan, sinasabi ko kay Mang Jose.

[CHARACTER_M]
Sabi ko sa iyo, huwag kang mangialam. Gawin mo lang yung pinapagawa ko.

[OP_MALE]
Pero Mang Jose, kung gagawin natin 'to, mas malaki po ang mababayad natin sa buwis. Kung ililipat natin 'to sa ganitong account, mas maliwanag po ang financial statement natin.

[CHARACTER_M]
Paano mo nalaman 'yan?

[OP_MALE]
Nagbasa lang po ako. At naalala ko lang po yung mga pinag-aralan ko nung gabi.

[NARRATOR]
Ang simpleng paglilinis ng opisina ay nauwi sa pagiging assistant ni Mang Jose. Hindi nagtagal, napansin ng malaking kumpanyang pinagtatrabahuhan ni Mang Jose ang husay ni Miguel. Binigyan siya ng scholarship para makapagtapos ng accountancy. Mula sa palengke, nagiging accountant. At hindi nagtapos doon.

[OP_MALE]
Nagtapos ako ng kolehiyo habang nagtatrabaho. Minsan, tatlong oras lang ang tulog ko. Dala ko pa rin yung prinsipyo ko na kailangan kong maging maalalahanin sa bawat numero. Nagsimula akong mag-ipon. Maliit man, pero sigurado. Habang tumatagal, napansin nila yung aking dedikasyon. Mula sa junior accountant, naging senior, naging manager, naging controller.

[NARRATOR]
Ngayon, si Miguel ay ang Chief Financial Officer ng isang malaking kumpanya. Ang pangarap niyang makabili ng tricycle ay naungusan ng mas malalaking pangarap. Ang dating nagtitinda ng isda sa palengke ay siya na ngayon ang nagbabantay sa bilyon-bilyong piso.

[OP_MALE]
Hindi ko akalain na mangyayari 'to. Minsan, pag nakakakita ako ng mga bagong empleyado na galing sa hirap, nakikita ko yung sarili ko. Ang masasabi ko lang, huwag kayong susuko. Gamitin niyo ang bawat pagkakataon na binibigay sa inyo. At higit sa lahat, magtiwala kayo sa sarili ninyo.

[NARRATOR]
Ang kwento ni Miguel ay patunay na ang determinasyon, sipag, at pangarap ay kayang baguhin ang kapalaran. Kung nagustuhan mo ang kwentong ito, i-share mo naman sa iyong mga kaibigan na nangangailangan ng inspirasyon. At huwag kalimutang mag-subscribe sa CEO Stories Philippines para sa marami pang kwento ng tagumpay.","Mula sa pagbenta sa palengke simula edad 10, hanggang sa pagiging Chief Financial Officer (CFO) ng isang malaking kumpanya! 🤯 Ang kwentong ito ay patunay na walang imposible kung may sipag, tiyaga, at pangarap!

Sa video na ito, makikilala natin si [Pangalan ng CFO], ang kanyang nakakaantig na paglalakbay mula sa pagtulong sa pamilya sa palengke, pag-aaral sa gabi, hanggang sa marating ang pinakamataas na posisyon sa mundo ng pananalapi. Isang inspirasyon para sa bawat Pilipino na gustong abutin ang kanilang mga pangarap!

👇 MAG-COMMENT:
1. Ano ang pinaka-inspiring na bahagi ng kwento ni [Pangalan ng CFO]?
2. Ano ang pangarap mo para sa iyong kinabukasan?
3. May alam ka bang kwento ng tagumpay na tulad nito? I-share mo naman!

⏱️ MGA KABANATA:
0:00 - Intro: Ang Simula sa Palengke
1:35 - Pagsasakripisyo at Pag-aaral sa Gabi
3:10 - Ang Pagpasok sa Mundo ng Accounting
5:05 - Ang Daan Patungong Pagiging CFO
7:20 - Mga Aral at Payo para sa Tagumpay
9:00 - Ang Kinabukasan at Inspirasyon

Huwag kalimutang mag-SUBSCRIBE para sa higit pang mga kwento ng tagumpay at inspirasyon! 👍 I-LIKE ang video na ito at i-SHARE sa iyong mga kaibigan at pamilya para maikalat ang positivity at pag-asa!

#SuccessStory #Inspirasyon #FilipinoPride #PalengkeToCFO #CareerGoals #FinancialFreedom #DreamBig #MotivationMonday #BusinessPH #AccountantLife #CFOJourney #NeverGiveUp #PinoySuccess #EntrepreneurMindset #Grit #Resilience #Tagumpay #Hustle #SuccessMindset #CareerDevelopment",Talaga namang nakaka-inspire ang kwento ni Sir! Ano ang pinakamalaking aral na nakuha mo mula sa kanyang paglalakbay? I-share mo na sa comments at don't forget to LIKE this video and SUBSCRIBE for more amazing stories!,false,2026-09-27T09:07:44
4,Isang teenager na nagtahi ng damit para ipagbili sa kanyang mga kaklase — ngayon ay may fashion brand na may 200 employees,rags_to_riches,Mula Tahi Hanggang Fashion Empire: 16yo → CEO! 🏆 | CEO Stories PH,"[NARRATOR]
Isang araw, nagtahi siya ng damit para sa sarili niya gamit ang lumang kurtina. Isang taon pagkatapos, ang kanyang damit ay isinusuot na ng mga pinakasikat na artista sa Pilipinas, at ang kanyang fashion brand ay may 200 empleyado.

Hayaan ninyong ikuwento ko kung paano nagsimula ang lahat.

[OP]
Ako si Maria, 16 years old noon. Nakatira kami sa isang maliit na bahay sa Tondo, Maynila. Ang tatay ko ay construction worker, at ang nanay ko naman ay naglalaba lang para may pantustos sa araw-araw. Minsan, kulang na kulang talaga ang pera, at ang ulam namin ay puro togue na lang.

Pero kahit ganun, hindi nawala ang pangarap ko na maging isang fashion designer. Mahilig na talaga akong tumingin sa mga magazines, kahit hindi ko naman mabibili yung mga damit. Ang tanging paraan ko para mailabas ang creativity ko ay sa pamamagitan ng pagguhit. Lagi akong nagdodrawing ng mga damit, pinapangarap ko na isang araw, ako mismo ang gagawa ng mga yun.

Ang pinaka-malala kong ginagawa noon ay pagbili ng mga murang tela sa Divisoria, tapos yun ang gagawin kong mga damit. Minsan, yung lumang kurtina ng nanay ko, yun ang ginawa kong skirt. Nakakatuwa naman yung naging itsura, kahit na halata namang luma na yung tela.

[NARRATOR]
Si Maria, isang ordinaryong teenager na may hindi ordinaryong pangarap. Sa gitna ng kahirapan, nagsimula siyang lumikha ng sarili niyang mundo sa pamamagitan ng tahi. Pero paano niya ito gagawing realidad?

I-like at mag-comment ng 💪 kung naiintindihan mo ang pakiramdam ng pagkakaroon ng pangarap na parang ang layo pa.

[OP]
Napansin ng mga kaklase ko yung mga ginagawa kong damit. Sabi nila, ""Maria, ang ganda naman ng damit mo! Saan mo nabili yan?"" Tapos sasabihin ko, ""Ako ang gumawa niyan.""

Nakakatuwa, kasi isang araw, habang nasa school ako, may lumapit sa akin na si Jessica, kaklase ko. Sabi niya, ""Maria, pwede mo ba akong tawaran? Gusto ko sana ng ganyang damit para sa birthday ko.""

Natuwa ako sa tanong niya. Sabi ko, ""Oo naman, Jessica! Magkano ba budget mo?"" Nag-usap kami, at doon nagsimula na tumahi ako para sa iba. Mula sa mga kaklase ko, kumalat na rin sa iba pang mga estudyante sa school. Ang bawat bayad, kahit maliit lang, napakalaking tulong na sa amin. Yung kinikita ko, dinadagdag ko sa pambili ng mas magandang tela at accessories.

[CHARACTER_F]
Maria, sigurado ka ba dito? Baka mamaya pati pag-aaral mo maapektuhan. Tsaka, paano kung hindi magustuhan ng customer mo yung gawa mo?

[OP]
Alam ko, ma. Pero ito na yung paraan ko para makatulong. Ito na yung simula ng pangarap ko. Susubukan ko lang naman. Kung hindi magustuhan, gagawan ko ulit.

[CHARACTER_M]
Maria, nakita ko yung mga damit mo. Ang galing mo! Gusto ko sana ng polo shirt na unique design. Pwede mo ba akong gawan?

[OP]
Talaga? Sige, sige! Ano bang gusto mong design?

[CHARACTER_M]
Bahala ka na. Basta ako, tiwala ako sa skills mo.

[OP]
Grabe, kinikilabutan ako sa mga nangyayari. Parang totoo na talaga.

[CHARACTER_F2]
Ang galing mo, Maria! Ang ganda ng mga creations mo. Naisip mo na bang gumawa ng sarili mong brand?

[OP]
Brand? Naisip ko na dati, pero parang imposible pa. Paano ako magkakaroon ng sariling brand?

[NARRATOR]
Nagsisimula na nga ang kanyang pangarap. Ngunit isang malaking pagsubok ang haharap sa kanya, isang pagsubok na susubok sa kanyang katatagan at determinasyon.

Manatili kayo — dahil ang susunod na mangyayari ay HINDI kapani-paniwala.

[OP]
Dumating yung panahon na sobrang dami na ng orders ko. Halos hindi na ako nakakatulog. Minsan, habang nagtatahi ako, napapaluha na lang ako sa pagod. Pero okay lang, kasi alam kong may patutunguhan 'to.

Tapos, may isang malaking order na dumating. Isang boutique owner ang lumapit sa akin. Gusto niya ng 100 pieces ng damit. Ang laki ng presyo na binigay niya, parang hindi ako makapaniwala. Ang sabi ko, ""Sige po, gagawin ko po.""

Pero nung malapit na yung deadline, nagkasakit ako. Sobrang taas ng lagnat ko, parang hindi ako makatayo. Pinilit ko pa ring magtahi, pero dahil mahina na ako, natapon yung kape ko sa mga tela na ginawa ko na. Nabasang lahat.

Naiyak na lang ako. Sobrang frustration. Pinagsisihan ko lahat. Bakit ko pa kasi pinilit? Sana nagpahinga na lang ako.

[CHARACTER_F]
Maria, anak, ano na 'yan? Ang dami mong natapon na tela. Paano na yung order mo?

[OP]
Hindi ko na alam, ma. Wala na akong pera pambili ng bagong tela. Wala na akong magagawa. Parang wala na lahat.

[CHARACTER_M2]
Maria, narinig ko ang nangyari. Huwag kang susuko. Hindi ito ang katapusan.

[OP]
Pero paano, Mr. Cruz? Wala na talaga.

[CHARACTER_M2]
Ganyan talaga ang buhay, Maria. May mga pagsubok. Pero ang mahalaga, bumabangon ka. Heto, may pera ako. Pambili mo ng bagong tela. Gawin mo ulit. Hanggat hindi ka nakakabenta, hindi ko ito sisingilin.

[NARRATOR]
Sa gitna ng kanyang pagbagsak, may mga taong nagbigay sa kanya ng pag-asa. Isang pag-asa na magtutulak sa kanya upang mas lalo pang lumaban.

[OP]
Hindi ko makakalimutan yung kabutihan ni Mr. Cruz. Dahil sa kanya, nagawa ko ulit yung mga damit. Mas maganda pa nga kaysa sa una. Hindi nagustuhan ng boutique owner, nagustuhan niya! Lalo pa nga siyang umorder!

Mula doon, parang bumilis na ang lahat. Naging mas kilala ang mga designs ko. Nagbukas na rin ako ng sarili kong maliit na shop. Hindi na lang ako nagtatahi, nag-hire na rin ako ng mga assistant.

Pero ang pinakamalaking break ko ay nung nakita ng isang sikat na stylist yung mga gawa ko. Kinontak niya ako, at nagawan ko ng damit yung isa sa pinakamalaking artista sa Pilipinas para sa isang awards night. Imagine, yung tahi ko, nasa red carpet!

[NARRATOR]
Mula sa pagtahi gamit ang lumang kurtina, si Maria ay naging isang batikang designer. Ang kanyang tatag, sipag, at talento ay nagdala sa kanya sa tuktok.

[OP]
Ngayon, mayroon na kaming fashion brand na ""Maria's Designs"". Mayroon na kaming 200 empleyado. Mula sa dating nagtitipid para sa ulam, ngayon ay marami na kaming natutulungan. Ang pinakamahalaga sa lahat, naipakita ko sa sarili ko at sa lahat na kahit gaano ka kahirap, kung may pangarap ka at pursigido kang abutin, posible lahat.

[NARRATOR]
Ang kwento ni Maria ay patunay na ang pangarap ay hindi nasusukat ng pinansyal na estado. Ang determinasyon at tibay ng puso ang tunay na puhunan.

Kung nagustuhan mo ang kwento ni Maria, mag-share ka nito sa iyong mga kaibigan. At i-follow mo na rin kami para sa mas marami pang inspirasyonal na kwento ng tagumpay. Ano ang pangarap mo na gusto mong marating? I-comment mo sa baba!","✨ Mula sa simpleng tahi hanggang sa pagbuo ng isang fashion empire! Kilalanin ang 16-anyos na nagsimula sa pagtatahi para sa mga kaklase at ngayon ay may 200 empleyado na sa kanyang sariling fashion brand! 🏆

Sa video na ito, ibabahagi ni [Pangalan ng CEO, kung alam mo, kung hindi, pwede itong iwanan] ang kanyang kahanga-hangang paglalakbay mula sa pagiging isang simpleng estudyante hanggang sa pagiging isang matagumpay na CEO. Alamin ang mga naging hamon, mga aral, at mga sikreto sa likod ng kanyang tagumpay!

👇 MAG-COMMENT:
1. Ano ang pinaka-inspiring sa kwento niya para sa'yo? 🤔
2. Anong negosyo ang pangarap mong simulan? 🚀
3. Mayroon ka bang sariling maliit na negosyo na nais mong ibahagi? 💡

⏱️ MGA KABANATA:
0:00 Intro: Ang Pangarap na Nagsimula sa Tahi
1:30 Ang Simula: Pagtatahi para sa mga Kaklase
3:45 Mga Unang Hamon at Aral
6:10 Pagbuo ng Sariling Fashion Brand
9:00 Ang Paglaki ng Negosyo: 200 Empleyado!
12:00 Mga Payo para sa mga Nagsisimula

Huwag kalimutang i-LIKE ang video na ito kung nagustuhan mo ang kwento, i-SUBSCRIBE ang channel para sa marami pang inspiring CEO Stories PH, at i-SHARE sa iyong mga kaibigan na nangangailangan ng inspirasyon!

#CEOStoriesPH #YoungCEO #FashionEmpire #Entrepreneurship #SuccessStory #PinoyEntrepreneur #BusinessPH #StartupPH #InspiringStories #DreamBig #Grit #Resilience #FromStrugglesToSuccess #TeenageEntrepreneur #FashionBrand #Motivated #SuccessMindset #Tagumpay #Kabuhayan #Negosyo

Mag-subscribe para sa higit pang kwento ng tagumpay!
[Link sa Subscribe Button]
I-share ang video na ito sa iyong mga kaibigan!
[Link sa Share Button]","Grabe, di ba? Ano'ng pinaka-inspiring para sa'yo sa kwento niya? I-share mo sa comments below! Kung na-inspire ka, please like this video at mag-subscribe na rin para di ma-miss ang iba pang kwento ng tagumpay!",false,2026-09-27T09:08:13
5,Nagsimula ng e-commerce site na may 10 products lang — ngayon ay isa sa pinakamalaking online marketplace sa Pilipinas,startup_story,10 Produkto → Mega Marketplace: CEO's Rise! 📈 | CEO Stories PH,"[NARRATOR]
Isang araw, muntik na siyang isuko ang lahat. Ang tanging natira sa kanya ay isang lumang laptop at P5,000 na hiniram mula sa kapitbahay. Ngayon, ang kanyang online store ang nagbabayad ng tuition ng daan-daang estudyante sa Pilipinas.

Hayaan ninyong ikuwento ko kung paano nagsimula ang lahat.

[OP_MALE]
Ako si Miguel. Dati, trabaho ko lang ay mag-deliver ng mga package. Ang pangarap ko? Magkaroon ng sariling negosyo. Yung tipong hindi ako kailangan mag-trabaho para sa iba. Yung ako ang magdedesisyon, ako ang gagawa ng sarili kong kapalaran.

Lumaki ako sa probinsya, sa isang simpleng pamilya. Ang nanay ko ay nagtitinda lang ng fishball sa kanto, ang tatay ko naman ay construction worker. Kahit anong sipag namin, mahirap pa rin. Nakita ko yung hirap ng magulang ko at sabi ko, ""Hindi ganito ang gusto kong buhay.""

Kaya naman pagka-graduate ko ng college, kahit Computer Science ang kinuha ko, nag-apply ako bilang rider. Kailangan ng pera. Nagsimula ako sa isang maliit na courier company. Araw-araw, karga-karga ko ang mga produkto ng iba’t ibang negosyo. Minsan, naiisip ko, ""Bakit hindi ko subukang magbenta ng sarili ko?""

[NARRATOR]
Pero hindi lang basta-basta ang pagpasok sa e-commerce. Maraming mga tanong, maraming pangamba. Paano kung hindi mabenta? Paano kung malugi? Ang mga katulad ni Miguel, dumadaan sa napakaraming pagsubok. I-like at mag-comment ng 💪 kung naiintindihan mo ang pakiramdam ng gustong sumugal pero natatakot.

[OP_MALE]
Nag-ipon ako ng kaunti. Mula sa sweldo ko, isinasantabi ko ang kahit P500 bawat linggo. Nakaipon ako ng mga P5,000. Ang problema, saan ako kukuha ng produkto? Ni wala akong kakilalang manufacturer.

Naalala ko, may mga tinda sa Divisoria na ang ganda pero ang mahal kung bibili ka ng maramihan. Naisip ko, baka pwede akong bumili ng paisa-isa, tapos ibenta ko online. Sa una, 10 produkto lang ang pinili ko. Mga cellphone accessories, power banks, mga maliliit na bagay na alam kong mabenta.

Nag-register ako ng domain name, gumawa ng simpleng website. Kahit hindi masyadong maganda ang design, basta may ma-display-an ako ng produkto. Ang mga larawan, kinunan ko ng sarili ko gamit ang cellphone ko. Ang ilaw, sinagap ko mula sa bintana namin sa apartment.

Unang araw, walang benta. Pangalawang araw, wala pa rin. Nag-aalala na ako. Baka tama ang mga kaibigan ko na sayang lang ang pera ko.

[CHARACTER_M]
(Kaibigan ni Miguel)
Pare, sigurado ka diyan? Malaki na yang 5,000 para sa wala lang. Baka ipuhunan mo na lang yan sa maliit na tindahan, kaysa sa online na hindi mo naman alam kung tatakbo.

[OP_MALE]
Alam ko, pare. Pero iba ang tingin ko eh. Nakikita ko yung mga tao na nag-oorder online, mas marami pa kesa sa mga namimili sa mall. Naniniwala ako na doon ang future.

[CHARACTER_M2]
(Isa pang kaibigan)
Pero anong gagawin mo kung may mag-order, eh ikaw pa ang magde-deliver? Mas mapapagod ka lang, tapos maliit lang naman ang kita mo sa bawat item.

[OP_MALE]
Yun nga ang plano ko. Magde-deliver ako mismo sa una. Kung may orders, ako ang maghahatid. Para alam ko kung saan pupunta, para makita ko rin yung mga customer. Sabi nga nila, ""The more you try, the more you learn.""

[NARRATOR]
Mukhang simple lang ang kanyang plano, pero ang katotohanan ay napakadelikado ng kanyang sinusuong. Isang maliit na pagkakamali, isang maling desisyon, at pwede siyang mawalan ng lahat. Manatili kayo — dahil ang susunod na mangyayari ay HINDI kapani-paniwala.

[OP_MALE]
Dumating ang unang order. Isang power bank. Halos hindi ako makapaniwala. Binigay ko agad yung address, at nag-drive ako papunta doon. Tuwang-tuwa yung customer. Nakita niya yung sipag ko, yung pagiging maayos ko, kaya nag-refer pa siya sa mga kaibigan niya.

Sa mga sumunod na linggo, unti-unti nang dumadami ang orders. Naging abala ako. Pagka-uwi ko galing sa trabaho, naghahanda ako ng mga package, nag-aayos ng mga shipment. Madalas, wala na akong tulog.

Pero may isang malaking problema. Yung supplier ko sa Divisoria, hindi na nakakasabay sa dami ng orders ko. Minsan, nauubusan sila ng stock. Ang mas malala pa, may mga pagkakataon na pinapalitan nila yung mga produkto na pinadadala nila. Nagiging sanhi ito ng mga reklamo mula sa mga customer ko.

[CHARACTER_F]
(Customer)
Sir Miguel, yung power bank na inorder ko, parang hindi original. Mabilis maubos yung charge.

[OP_MALE]
Naku, pasensya na po talaga. Titingnan ko po kung ano ang nangyari.

[NARRATOR]
Pumapasok na ang mga problema na posibleng magpatigil sa negosyo niya. Ang tiwala ng mga customer, nawawala. Ang reputasyon niya, nasisira.

[OP_MALE]
Naiyak ako nun. Ramdam ko na papalpak na ako. Naisip ko, tama nga ang mga kaibigan ko. Baka hindi talaga para sa akin 'to. Parang bumabalik ako sa umpisa, sa kawalan.

Pero nung tinitingnan ko yung mga sulat ng pasasalamat mula sa mga unang customer ko, yung mga nagsasabi na ""Salamat sa mabilis na delivery,"" ""Ganda ng produkto,"" doon ako nakakuha ng lakas ulit. Hindi ko pwedeng hayaang masayang ang pinaghirapan ko.

Naisip ko, kailangan kong humanap ng mas magandang supplier. Yung mas mapagkakatiwalaan. Kaya nag-research ako. Nagtanong-tanong ako sa mga kakilala ko sa industriya.

[NARRATOR]
At doon, natagpuan niya ang isang malaking pagbabago. Isang bagay na hindi niya inaasahan.

[OP_MALE]
Nakakilala ako ng isang manufacturer. Yung dati, maliliit lang na produkto ang binebenta ko. Ngayon, dahil sa kanya, nakapag-offer na ako ng mas malalaking bagay. Mga appliances, furniture, kahit gamit sa bahay. Mula sa 10 produkto, naging 100 products na ang binebenta ko.

Hindi na ako nagde-deliver mag-isa. Nag-hire na ako ng mga rider. Nag-hire na ako ng mga customer service representative. Yung maliit na website ko, ginawa kong mas maganda, mas professional.

[NARRATOR]
Mula sa isang rider, naging negosyante si Miguel. Ang dati niyang pinaghirapang P5,000, naging pundasyon ng isang malaking kumpanya.

[OP_MALE]
Ang dating maliit na online store, ngayon isa na sa mga pinakamalaking online marketplace sa Pilipinas. Ang mga produkto na binibenta namin, galing sa iba't ibang local manufacturers at suppliers. Natutulungan namin silang maabot ang mas maraming customer.

[NARRATOR]
Ang kwento ni Miguel ay patunay na kahit gaano kahirap ang pinagmulan, ang sipag, tiyaga, at tamang diskarte ay magbubukas ng mga pinto na hindi mo inaasahan.

Kung may natutunan ka sa kwentong ito, i-share mo naman sa kaibigan mo na nangangailangan ng inspirasyon. At huwag kalimutang mag-subscribe sa CEO Stories Philippines para sa marami pang kwento ng tagumpay!","Paano nga ba nagsimula ang isang maliit na e-commerce site na may 10 produkto lang, at naging isa sa pinakamalaking online marketplace sa Pilipinas? 🤯 Halina't sabayan natin ang kwento ng pagbangon at tagumpay ng isang CEO na naging inspirasyon sa marami! ✨

👇 MAG-COMMENT:
1. Ano ang pinaka-nakakainspire sa kwento na ito para sa iyo?
2. Ano ang next step mo para sa iyong sariling business?
3. Ano pa ang ibang business stories na gusto mong marinig?

⏱️ MGA KABANATA:
0:00 Intro: Ang Simula ng Isang Pangarap
1:30 Ang 10 Produkto na Nagpabago ng Lahat
3:45 Mga Hamon sa E-commerce: Hindi Naging Madali!
6:10 Ang Sikreto sa Pagpapalaki ng Marketplace
9:00 Mga Tip para sa mga Nagsisimulang Negosyante
12:05 Ang Kinabukasan: Ano ang Susunod sa CEO?

Huwag kalimutang mag-SUBSCRIBE, mag-LIKE, at mag-SHARE para sa mas marami pang inspiring stories!

#CEOStoriesPH #ECommercePH #OnlineMarketplace #PhilippineBusiness #NegosyoPH #SuccessStory #EntrepreneurPH #SmallBusinessPH #DigitalMarketingPH #BusinessGrowth #StartupPH #InspiringFilipino #PinoyEntrepreneur #GawangPinoy #BusinessTipsPH #FilipinoSuccess #OnlineSellingPH #MarketplacePH #BusinessMindsetPH #EntrepreneurshipPH",Nakaka-inspire ba ang kwento ng pag-angat mula 10 produkto hanggang sa mega marketplace? Ano ang pinaka-gusto mo sa journey niya? I-share mo sa comments! Huwag kalimutang mag-like at mag-subscribe para sa marami pang CEO Stories na magpapagising sa pangarap mo!,false,2026-09-27T09:08:43
6,Paano nakatulong ang pagiging mahirap sa pagiging matalino sa negosyo — ang pananaw ng isang self-made CEO,business_lesson,Mula sa ₱0 Puhunan — CEO na! Ang Sikreto ng Mahirap 💰 | CEO Stories PH,"[NARRATOR]
Nagsimula siya sa pagkakautang ng P50,000, na ibinigay sa kanya ng isang drug lord. Ngayon, ang kumpanya niya ay nagkakahalaga ng bilyon.

Hayaan ninyong ikuwento ko kung paano nagsimula ang lahat.

[OP_MALE]
Ako si Eduardo, o Ed, kung tawagin nila. Taga-Gubat, probinsya ng Quezon. Ang pangarap ko noon? Simple lang. Makakain ng tatlong beses sa isang araw. Hindi kami mayaman. Ang tatay ko ay magsasaka, ang nanay ko ay labandera. Madalas, ang ulam namin ay asin at kanin. O kaya naman, tuyo na hinati sa apat. Ganon kahirap.

Pero sa kabila ng hirap, laging may pangarap sa puso ko. Gusto kong umangat. Gusto kong matulungan ang pamilya ko. Nakikita ko kasi sila — pawis na pawis sa bukid, nagbibigay ng lahat. Gusto ko silang makapagpahinga. Gusto kong maipakita sa kanila na kaya namin.

Noong bata ako, mahilig akong maglaro ng chess. Para sa iba, laro lang 'yan. Para sa akin, training ground 'yan. Sa bawat galaw ng piyesa, pinag-iisipan ko ang susunod na hakbang. Kailangan mong isipin ang galaw ng kalaban, ang posibleng mangyari. Parang buhay. Parang negosyo. Kailangan ng foresight. Kailangan ng diskarte.

[NARRATOR]
I-like at mag-comment ng 💪 kung naiintindihan mo ang pakiramdam ng lumaban sa buhay, kahit wala masyadong pag-asa. Dahil si Ed, lumaban siya. Lumaban siya nang todo.

[OP_MALE]
Pagka-graduate ko ng high school, walang pera para sa kolehiyo. Nagtrabaho ako sa construction. Maliit ang sahod. Minsan, wala pa. Pero sa bawat kalyo sa kamay ko, may nabubuo akong determinasyon. Gusto ko ng iba. Gusto ko ng mas maganda.

Kaya nag-ipon ako. Bawat piso, mahalaga. Tinipid ko lahat. Gutom, okay lang. Kailangan kong magtiis. Ang target ko? Makapagtayo ng sarili kong maliit na tindahan. Kahit maliit lang, basta akin. Para may sariling pinagkukunan ng kita.

[CHARACTER_M]
(Medyo mayabang na tono)
Ed, siguraduhin mo 'yan ha? Baka mamaya, isugal mo lang 'yan lahat sa kung saan. Sayang lang ang pinaghirapan mo.

[OP_MALE]
Huwag kang mag-alala, Bert. Alam ko ang ginagawa ko. Hindi ako gagawa ng bagay na pagsisihan ko.

[CHARACTER_M]
Baka mamaya, mapilitan ka lang. Mahirap kasi ang buhay, alam mo na. Minsan, may mga taong lalapit sa'yo, mag-aalok ng madaling pera. Mag-ingat ka.

[OP_MALE]
Lagi akong maingat, Bert. Mas lalo na ngayon.

[NARRATOR]
Dito na nagsimulang magbago ang lahat para kay Ed. Sa isang iglap, ang pangarap niyang maliit na tindahan ay napalitan ng isang napakalaking problema. Ang susunod na mangyayari ay HINDI kapani-paniwala. Manatili kayo — dahil ang kwento ni Ed ay patunay na kahit anong hirap, may pag-asa.

[OP_MALE]
Isang araw, habang nasa construction site ako, nilapitan ako ng isang lalaki. Hindi ko siya kilala. Pero mukhang mayaman. Nakasuot ng mamahaling damit. Nakangiti.

[CHARACTER_M2]
Ginoong Ed? May kilala ka bang magandang negosyong mapagkakatiwalaan? Kailangan ko ng tulong.

[OP_MALE]
(Nagulat)
Ako po? Hindi ko po alam. Pero maaari akong makinig.

[CHARACTER_M2]
Gusto kong mag-invest sa mga kumpanyang may magandang kinabukasan. May mga nakita akong proyekto, pero kailangan ko ng taong mapagkakatiwalaan para magpatakbo. Ang offer ko sa'yo, P50,000. Invest mo sa kung ano sa tingin mo ang pinakamaganda. Kapag kumita, hati tayo.

[OP_MALE]
P50,000? Mula sa isang estranghero? Hindi po ako makapaniwala. Malaki po 'yan.

[CHARACTER_M2]
Oo. Pero may kondisyon. Kung mag-fail, kailangan mo akong bayaran. Lahat. Ngunit kung magtagumpay... hawak mo na ang kinabukasan mo.

[OP_MALE]
Sumang-ayon ako. Sino ba naman ang tatanggi? Pero habang papalapit na ang araw ng pagbibigay ng pera, nalaman ko ang totoo. Ang lalaking 'yon, si Mr. Reyes, ay hindi pala negosyante. Isa siyang kilalang drug lord sa Maynila. Ang P50,000 na ibibigay niya sa akin ay galing sa ilegal na gawain.

Nanginig ako. Para akong nabagsakan ng langit at lupa. Paano ko gagawin 'to? Itataya ko ang buhay ko, at ang kinabukasan ng pamilya ko, sa pera ng isang kriminal?

[NARRATOR]
Nasa bingit ng kapahamakan si Ed. Ang P50,000 na sana ay magiging simula ng kanyang pangarap, ay maaari palang maging simula ng kanyang pagbagsak. Pero si Ed, hindi siya sumuko. Hindi niya hinayaan na ang hirap ang maging dahilan para sumira siya. Dito niya ginamit ang natutunan niya sa buhay.

[OP_MALE]
Tinanggihan ko ang pera ni Mr. Reyes. Sinabi ko sa kanya, ""Salamat po sa offer, pero hindi ko po kaya. Hindi po ito ang daan na gusto kong tahakin.""

Nagulat siya. Galit. Pero mas lalo akong natakot. Alam ko, mapanganib ang tumanggi sa kanya. Pero mas natakot ako sa posibleng mangyari kung tinanggap ko.

Doon ko naintindihan ang tunay na halaga ng pera. Hindi lang ito ang binibilang mo, kundi kung paano mo ito nakuha. Ang pagiging mahirap noon, tinuruan ako ng disiplina. Tinuruan ako na maging maingat sa bawat desisyon. Tinuruan ako na ang sipag at tiyaga ang tunay na puhunan.

Bumalik ako sa construction. Nag-ipon ulit. Mas maliit na ang sahod, mas maliit ang naibubulsa, pero mas malaki ang peace of mind ko. Pagkalipas ng ilang taon, nakapagpatayo ako ng maliit na karinderya. 'Yung simpleng kainan lang sa gilid ng kalsada. Doon ako nagsimula ulit.

Ang P1,000 na puhunan ko, naging P2,000. Tapos naging P5,000. Unti-unti. Maliit pero sigurado. Ang mga natutunan ko sa pagiging mahirap — tiyaga, diskarte, pagiging maparaan — 'yun ang naging sandata ko. Hindi ko kailangan ng malaking pera para magsimula. Ang kailangan ko, puso at sipag.

[NARRATOR]
Ang kwento ni Ed ay hindi lang tungkol sa pag-angat mula sa kahirapan. Ito ay tungkol sa pagpili ng tamang landas, kahit na mahirap. Ito ay patunay na ang tunay na yaman ay hindi lang pera, kundi integridad.

[OP_MALE]
Ngayon, ang maliit na karinderya ko, naging malaking restaurant chain. May mga branch na kami sa iba't ibang lugar sa Pilipinas. At marami pa kaming plano.

Hindi ko makakalimutan kung saan ako nanggaling. Ang hirap na naranasan namin, 'yun ang nagpalakas sa akin. 'Yun ang nagturo sa akin na maging matalino sa negosyo. Dahil alam ko, ang bawat piso ay pinaghirapan. Kaya inaalagaan ko.

Kung nagugustuhan mo ang kwento ni Ed, i-share mo ito sa iyong mga kaibigan na nangangarap din. At mag-subscribe na rin sa aming channel para sa marami pang inspirasyong kwento ng tagumpay.

[NARRATOR]
Ano ang pinaka-naging aral mo sa kwento ni Ed? I-comment mo sa ibaba. At kung gusto mong matulungan ang iyong sariling negosyo, sundan mo ang mga susunod naming video.","Mula sa ₱0 puhunan hanggang sa pagiging CEO! 🤯 Paano hinubog ng kahirapan ang isang matalinong negosyante? Samahan natin ang isang self-made CEO sa kanyang nakaka-inspire na paglalakbay dito sa CEO Stories PH!

👇 MAG-COMMENT:
1. Ano ang pinakamalaking aral na natutunan mo mula sa iyong pagiging mahirap?
2. Ano ang susunod mong gagawin para sa iyong negosyo?
3. Sino ang gusto mong makasama natin sa susunod na episode?

⏱️ MGA KABANATA:
0:00 Intro: Ang Simula ng Lahat
1:30 Mula Kahirapan Tungo sa Diskarte
4:00 Ang Sikreto sa Pagiging Matalino sa Negosyo
7:15 Mga Unang Hakbang sa Pagpapalago
10:00 Mga Hamon at Paano Ito Nalampasan
13:45 Mensahe Para sa mga Nagsisimula Pa Lang

Huwag kalimutang mag-SUBSCRIBE para sa marami pang kwentong tagumpay, i-LIKE ang video kung na-inspire ka, at i-SHARE sa mga kaibigan mo na nangangailangan ng inspirasyon!

#CEOStoriesPH #MulaSaPuhunan #NegosyoTips #TagumpaySaNegosyo #SelfMadeCEO #EntrepreneurshipPH #SuccessMindset #PinoyEntrepreneur #BusinessPH #MotivationPH #HustlePH #MillionaireMindset #BusinessGrowth #DreamBig #InspiringStories #Grit #Resilience #WealthCreation #FinancialFreedom #NeverGiveUp",Gusto mo ring marating ang pangarap mo? I-share mo naman sa comments kung ano ang susunod mong gagawin! At huwag kalimutang mag-subscribe at i-like para sa mga kwentong magbibigay inspirasyon!,false,2026-09-27T09:09:02
7,Isang OFW na naging CEO ng isa sa pinakamalaking recruitment agency sa Pilipinas,pinoy_ceo,Mula Basura Hanggang CEO: Kwento ng Pagsikat! 😱 | CEO Stories PH,"[NARRATOR]
Nakakita siya ng lumang maleta na puno ng damit na amoy araw, tapos narinig niya ang mga salitang, ""Mag-ingat ka, anak. Uuwi ka dito na may dala kang ginto."" Akala niya pera lang ang ibig sabihin ng ginto. Limang taon sa ibang bansa, nangutang para lang makauwi, at pagbaba niya ng eroplano, wala siyang dala kundi isang maleta na wala pang laman. Pero hindi niya alam, ang tunay niyang ginto ay nakabaon pa sa kailaliman ng kanyang pangarap. Hayaan ninyong ikuwento ko kung paano nagsimula ang lahat.

[OP]
Ako si Maria, 25 years old noong unang beses akong umalis ng Pilipinas. Taga-probinsya kami sa Pampanga, at ang tanging paraan para makaahon sa hirap ay ang magtrabaho sa abroad. Ang pangarap ko lang noon ay matustusan ang pag-aaral ng mga kapatid ko at maayos na tirahan para kay Mama. Ang amo ko sa Saudi Arabia, si Mrs. Santos, mabait siya, pero ang trabaho ko bilang kasambahay, nakakapagod. Walang pahinga, parang robot. Sa gabi, nakatingin lang ako sa kisame, naiisip ko kung tama ba ang desisyon ko.

[NARRATOR]
May mga gabing napapaisip si Maria kung kakayanin pa ba niya. Pero sa bawat pagod, sa bawat pagtitiis, may isang apoy na lalong lumalakas sa kanyang dibdib. Hindi lang para sa sarili niya ang laban na ito. I-like at mag-comment ng 💪 kung naiintindihan mo ang pakiramdam na lumalaban ka para sa iba.

[OP]
Minsan, napansin ni Mrs. Santos na malungkot ako. Tinanong niya, ""Maria, bakit parang wala kang gana?"" Sinabi ko, ""Misis, miss ko na po ang pamilya ko. At saka, parang wala akong natututunan dito. Puro hugas-pinggan at paglilinis lang."" Nag-isip siya sandali. ""Alam mo, Maria,"" sabi niya, ""nakikita ko ang sipag mo. Hindi ka pang-kasambahay lang. May potential ka. Pero kailangan mo ng break. Kailangan mo ng ibang oportunidad.""

[CHARACTER_M]
Maria, nakikinig ako sa usapan ninyo ni Mrs. Santos. Tama siya. Hindi ka dapat magsayang ng talento sa ganito. May kakilala akong may maliit na recruitment agency dito sa Pilipinas, naghahanap sila ng assistant. Kung gusto mo, pwede kitang irekomenda.

[OP]
Talaga po, Mr. David? Ang hirap po kasing makahanap ng mapagkakatiwalaan dito. Pero kung binigyan niyo po ako ng chance, ibibigay ko po ang lahat.

[CHARACTER_M]
Sige, Maria. Pero isang taon lang ang kontrata mo. Pagkatapos niyan, bahala ka na. Kung hindi ka mag-improve, wala na tayong pag-uusapan pa.

[OP]
Kahit isang araw lang po, gagalingan ko na!

[NARRATOR]
Isang malaking risk ang tinanggap ni Maria. Umalis siya sa stable na trabaho, kahit hindi mataas ang sweldo, para subukan ang isang bagay na hindi niya sigurado kung kakayanin niya. Manatili kayo — dahil ang susunod na mangyayari ay HINDI kapani-paniwala.

[OP]
Pagbalik ko ng Pilipinas, parang bagong mundo. Ang trabaho ko bilang assistant sa recruitment agency ni Mr. David, ibang-iba talaga. Natuto akong mag-interview, mag-assess ng mga aplikante, mag-manage ng papeles. Pero ang hirap, Misis. Sa una, hindi ko alam ang gagawin ko. Paulit-ulit kong tinatanong si Mr. David, ""Paano po ito?"" ""Ano po ang susunod?"" May mga pagkakataon na gusto ko na lang sumuko. Halos wala na akong tulog.

[CHARACTER_M]
Maria, ang daming mali sa ginawa mong report. Hindi ganito ang inaasahan ko. Kung gusto mong magtagumpay, kailangan mong maging mas maingat. Minsan, naiisip ko kung tama ba ang desisyon kong bigyan ka ng tiwala.

[OP]
Pasensya na po, Mr. David. Gagalingan ko po. Hindi ko po kayo bibiguin.

[NARRATOR]
Lumipas ang mga buwan. Naging mas masipag si Maria. Hindi siya natulog hanggang hindi niya natatapos ang trabaho. Nagbabasa siya ng mga libro tungkol sa HR, nanonood ng mga seminar online. Alam niya, ito na ang kanyang pagkakataon. Pero isang araw, may nalaman siya na gugulo sa lahat.

[OP]
Narinig ko si Mr. David na kausap ang isang client. Sinasabi niya, ""Oo, magaling ang assistant ko, pero alam mo naman, babae lang. Hindi ko pa siya pwedeng bigyan ng mas malaking responsibilidad. Baka hindi pa niya kaya."" Narinig ko rin na pinag-uusapan nila kung paano nila i-o-overprice ang isang placement, at ang parte niya ay mapupunta sa ibang tao, hindi sa agency. Nagulat ako. Naramdaman ko ang init sa pisngi ko. Parang sinampal ako.

[CHARACTER_M2]
Maria, narinig ko ang usapan ninyo ni Mr. David. Hindi maganda ang ginagawa niya, para sa iyo at para sa mga aplikante. Kung gusto mo, may kaibigan ako na may sariling recruitment agency rin. Mas maliit, pero mas malinis ang operasyon. Gusto mo bang subukan doon?

[OP]
Salamat po, Mr. Reyes. Pero gusto ko pong patunayan kay Mr. David na nagkakamali siya. Gusto ko pong maipagpatuloy ang mga pangarap na sinimulan ko.

[NARRATOR]
Sa kabila ng pagtataksil, hindi bumitaw si Maria. Sa halip, lalo siyang pinatatag nito. Sa halip na maghiganti, pinili niyang magpatuloy.

[OP]
Nag-focus ako sa trabaho ko. Hindi ko pinansin ang mga sinasabi ni Mr. David. Sa halip, nag-aral ako ng mas lalo. Nag-ipon ako ng pera. Nagsimula akong mag-research ng sarili kong business plan. Naisip ko, kung hindi ako mabigyan ng tamang oportunidad, gagawa ako ng sarili ko. Nag-apply ako ng loan, kahit mahirap. Ang hirap, Misis, magpatayo ng sariling negosyo. Ang daming papeles, ang daming kailangang isipin.

[NARRATOR]
Nagsimula si Maria sa maliit na opisina, isa o dalawang empleyado lang. Pero sa bawat araw, lumalaki ang kanyang kliyente. Ang kanyang dedikasyon, ang kanyang pagiging tapat, ang kanyang pakikipagkapwa-tao, naging susi sa kanyang tagumpay.

[OP]
Dumating ang punto na ang agency ko, mas malaki na kaysa sa agency ni Mr. David. Nakakatuwa, Misis, na makita ang mga aplikanteng natutulungan ko. Yung mga tulad kong nagsimula sa hirap, nabibigyan ko ng magandang trabaho. Yung mga dating kasambahay, natutulungan kong maging skilled workers. Yung mga dating nagduda sa akin, sila ngayon ang humahanga.

[NARRATOR]
Si Maria, ang dating OFW na walang dala pag-uwi kundi amoy araw, ay naging CEO ng isa sa pinakamalaking recruitment agency sa Pilipinas. Ang kanyang kwento ay hindi lang tungkol sa pera o negosyo. Ito ay kwento ng katatagan, ng pag-asa, at ng hindi matitinag na pangarap. Ito ang patunay na kahit anong hirap ang pinagdaanan mo, kung may determinasyon ka, kaya mong baguhin ang iyong kapalaran.

[NARRATOR]
Gusto mo ba ng mas marami pang inspirasyong kwento? I-subscribe mo na ang channel na ito at i-share ang video na ito sa iyong mga kaibigan. At sa comment section, sabihin mo sa amin, ano ang pinakamalaking aral na natutunan mo sa kwento ni Maria?","Mula sa pagiging tambakan ng basura hanggang sa pagiging CEO ng isa sa pinakamalaking recruitment agencies sa Pilipinas! 😱 Pakinggan ang nakakainspirasyong kwento ng isang OFW na hindi sumuko sa pangarap.

👇 MAG-COMMENT:
1. Ano ang pinakamalaking hamon na nalampasan mo sa iyong career journey?
2. Anong payo ang gusto mong matanggap mula sa ating CEO?
3. Ibahagi ang iyong paboritong quote tungkol sa pagiging matatag!

⏱️ MGA KABANATA:
0:00 - Ang Simula: Pagharap sa Kahirapan
1:30 - Ang Pagsasakripisyo ng Isang OFW
3:45 - Ang Pagbabago: Mula Basura Hanggang Pangarap
6:10 - Pagbuo ng Sariling Negosyo
8:50 - Ang Pagiging CEO: Mga Hamon at Tagumpay
11:20 - Mensahe ng Inspirasyon para sa Lahat

Huwag kalimutang mag-SUBSCRIBE para sa mas marami pang kwento ng tagumpay! I-LIKE at i-SHARE ang video na ito sa iyong mga kaibigan at pamilya.

#CEOStoriesPH #OFWSuccess #FromRagsToRiches #PinoyInspiration #SuccessStory #Motivation #Entrepreneurship #CareerGoals #NeverGiveUp #Philippines #BusinessLeader #InspiringJourney #DreamBig #Grit #Resilience #Tagumpay #Pagsikat #KuwentoNgBuhay #Pagbabago #PhilippineBusiness","Grabe ang inspirasyon, 'di ba? Ano ang pinakamahalagang aral na nakuha mo sa kwentong ito? I-share mo sa comments! At kung gusto mo pa ng mga ganitong kwento na magpapalakas ng loob mo, i-like ang video at mag-subscribe na sa channel!",false,2026-09-27T09:09:19
8,Pinoy chef na nagtrabaho sa Michelin-starred restaurant sa Paris — umuwi at nagtayo ng fine dining restaurant sa Maynila,overseas_dream,Mula Kusina ng Paris: Chef Nagnegosyo sa Maynila 🏆 | CEO Stories PH,"[NARRATOR]
Nagtatrabaho siya sa isa sa pinaka-prestigious na restaurant sa mundo, kumakain ng mga pagkain na hindi mo mabibili kahit isang taon ang sahod mo. Ngunit isang araw, iniwan niya ang lahat ng iyon para sa isang maliit na karinderya sa kanto ng Maynila.

Hayaan ninyong ikuwento ko kung paano nagsimula ang lahat.

[OP]
Ako si Maria, at ang kwento ko ay nagsimula sa isang maliit na bahay sa Tondo, Maynila. Lumaki ako na ang amoy ng pinipig at nilagang mais ang bumubungad sa akin araw-araw. Ang pangarap ko? Maging chef. Hindi lang basta chef, kundi isang chef na makikilala sa buong mundo. Pero paano? Ang pamilya namin, mahirap. Ang pera, kulang. Ang tanging meron ako, ang hilig ko sa pagluluto at ang determinasyon na makakain kami ng masarap kahit isang beses sa isang araw.

[NARRATOR]
Nagsimula si Maria sa paghuhugas ng plato sa isang maliit na kainan malapit sa kanilang bahay. Doon niya nakita ang mundo ng kusina — ang init, ang bilis, ang presyon. Pero sa kabila ng hirap, nakikita niya ang kagandahan. Ang bawat hiwa ng sibuyas, ang bawat timpla ng sabaw, may sariling kwento.

[CHARACTER_M]
Maria, hugasan mo na 'yang mga kaldero. Masyado kang nakatunganga diyan.

[OP]
Opo, Sir Alex. Eto na po. Pero Sir, ang sarap po ng amoy nung sinigang na niluto niyo kanina. Naalala ko tuloy nung bata ako, ganito rin ang luto ni Nanay.

[CHARACTER_M]
Huwag ka ngang sentimental. Dito, trabaho lang. Kung gusto mong matuto, magmasid ka. Kung gusto mong umasenso, magsipag ka.

[NARRATOR]
Sa kabila ng mga masasakit na salita, naging inspirasyon ito kay Maria. Nagsikap siyang matuto, hindi lang sa paghuhugas. Minsan, tumutulong na siya sa paghihiwa ng mga sangkap, minsan naman ay pinapanood niya kung paano i-prito ang mga isda. Ang kanyang sipag at talino sa pagtikim, napansin ng may-ari.

[CHARACTER_M]
Maria, gusto mo bang subukan magluto ng toka-toka? Alam mo ba kung paano?

[OP]
Hindi po, Sir Alex. Pero kung ituturo niyo po, matututunan ko.

[CHARACTER_M]
Mabuti. Simula bukas, tutulungan mo na ako sa mga preparasyon. Pero tandaan mo, ang bawat pagkakamali, may kapalit.

[NARRATOR]
I-like at mag-comment ng 💪 kung naiintindihan mo ang pakiramdam ng nagsisimula mula sa wala.

[OP]
Taon ang lumipas. Mula sa paghuhugas ng plato, naging assistant chef na ako. Nakapag-ipon ako ng kaunti, sapat para makapag-aral ng culinary arts. Hindi madali. Ang tuition, mahal. Ang oras, kakaunti. Pero sa bawat leksyon, parang nabubuhay ang espiritu ko. Naramdaman ko na, malapit na akong abutin ang pangarap ko.

[NARRATOR]
Sa isang cooking competition sa Maynila, kung saan nagtungo siya para magpraktis at makakuha ng karanasan, napansin ang kanyang kakaibang galing. Ang kanyang paggamit ng mga lokal na sangkap na may kasamang French techniques, kakaiba. Doon, nakilala niya si Chef Antoine Dubois, isang French chef na may tatlong Michelin stars.

[CHARACTER_F2]
Mademoiselle Maria, your dish is... unexpected. The flavors, the presentation. It speaks of your heritage, yet it has a touch of classic French.

[OP]
Merci, Chef Dubois. Ginawa ko po ang best ko. Gusto ko pong ipakita na ang Pilipinas ay hindi lang basta pagkain, kundi sining.

[CHARACTER_F2]
Sining, indeed. Tell me, are you happy here? Do you have ambitions beyond this competition?

[OP]
Oo naman po, Chef. Pangarap ko pong makapagtrabaho sa isang world-class restaurant. Makapagluto ng mga putaheng makakapagbigay-buhay sa mga tao.

[CHARACTER_F2]
I see. Then I have an offer for you. I am opening a new restaurant in Paris. It requires dedication, passion, and a willingness to learn. Are you ready to take the leap?

[NARRATOR]
Isang napakalaking pagkakataon. Ang imbitasyon na magtrabaho sa Paris, sa tabi ng isang Chef na kasing-galing ni Chef Dubois. Ngunit may isang bagay na hindi ko pa nasasabi sa inyo. Ang pamilya niya, noon pa man, ay umaasa sa kanya.

[OP]
Mahirap po ang desisyon, Chef. Pero kailangan ko pong umuwi muna. Kailangan ko pong ayusin ang ilang bagay. Kailangan ko pong siguraduhin na makakabawi na ang pamilya ko.

[CHARACTER_F2]
I understand. Take your time, Maria. But know this, the door is open for you.

[NARRATOR]
Pagbalik ni Maria sa Pilipinas, hindi niya inakala ang kanyang sasapitin. Ang kanyang ina, nagkasakit. Kailangan ng malaking halaga para sa gamutan. Lahat ng ipon niya, na para sana sa pangarap niya sa Paris, nauubos.

[CHARACTER_M2]
Maria, wala na tayong pera. Malaki na ang utang natin sa ospital. Ang mga gamot ni Nanay, mahal.

[OP]
Huwag kayong mag-alala. Makakahanap ako ng paraan. Gagawin ko lahat.

[NARRATOR]
Sa gitna ng kanyang paghihirap, naalala niya ang mga salita ni Chef Dubois. ""The door is open for you."" Pero ang pintuan na iyon, ay napakalayo. Ang puso niya, parang dinudurog. Paano niya isasalba ang kanyang ina at ang kanyang pangarap?

[OP]
Naisip ko, bakit hindi ko subukang ibenta ang mga natutunan ko? Ang mga recipe na pinaghirapan ko. Ang mga French techniques na natutunan ko, na hinaluan ko ng sarili kong Pinoy touch.

[CHARACTER_M2]
Sigurado ka ba diyan, Maria? Ang hirap niyan. Kailangan mo ng malaking puhunan.

[OP]
Wala na akong ibang pagpipilian. Magsisimula ako sa maliit. Kahit maliit na karinderya lang. Basta makapagluto ako ng masarap, at mabigyan ko ng saya ang mga tao.

[NARRATOR]
Sinimulan ni Maria ang isang maliit na karinderya sa isang tabi ng kalsada. Ang kanyang puhunan? Ang kaunting natitirang ipon, at ang kanyang determinasyon. Ang mga putahe? French-inspired, pero Pinoy ang puso. Ang paborito niyang Coq au Vin, ginawa niyang Manok na may Red Wine at local herbs. Ang kanyang Bouillabaisse, ginawa niyang Sinigang na may French herbs.

[CHARACTER_M]
Naku, ang sarap naman nito! Hindi ko akalain na sa ganitong maliit na lugar, may ganito kang luto.

[CHARACTER_F]
Oo nga. Parang nasa fine dining restaurant ako, pero mas presko at mas masarap pa!

[NARRATOR]
Unti-unti, kumalat ang balita. Ang ""karinderya ni Maria"" ay naging usap-usapan. Ang mga tao, pumipila para matikman ang kanyang kakaibang putahe. Ang bawat salita ng papuri, parang gamot sa kanyang pagod. Ang bawat ngiti ng kanyang mga customer, parang pampalakas ng kanyang loob.

[OP]
Masaya ako. Nakikita ko ang saya sa mata ng mga tao habang kumakain sila. Nakakaramdam ako ng kasiyahan na hindi ko pa nararamdaman dati. At ang pinakamahalaga, nakakabawi na kami ng pamilya ko. Nakakabili na kami ng gamot para kay Nanay.

[NARRATOR]
Isang araw, habang kumakain sa karinderya niya, may lumapit sa kanya. Isang matandang lalaki na naka-suit. Hindi niya akalain na ang matandang lalaki na iyon ay si Chef Antoine Dubois pala.

[CHARACTER_F2]
Maria. It has been a long time.

[OP]
Chef Dubois! Hindi ko po inaasahan na makikita ko kayo dito.

[CHARACTER_F2]
And I did not expect to find such culinary magic in a humble karinderya. Your dishes... they have evolved. They have found their soul.

[OP]
Salamat po, Chef. Ito po ang pangarap ko. Ang makapagbigay ng kakaibang karanasan sa mga tao.

[CHARACTER_F2]
And you have succeeded. Maria, the offer in Paris is still open. But I have a different proposition for you now. I have heard of your talent, your passion, your journey. I want to invest in you. I want to help you open your own fine dining restaurant, here in Manila.

[NARRATOR]
Isang pangarap na akala niya'y imposible na. Isang pagkakataon na hindi niya inaasahan. Ang kanyang mga pinaghirapan, ang kanyang paghihirap, nagbunga. Mula sa paghuhugas ng plato, naging isang Chef na papangalanan ang kanyang sariling restaurant.

[OP]
Hindi ko po alam ang sasabihin ko, Chef. Ito po ang pinaka-malaking biyaya.

[CHARACTER_F2]
You deserve it, Maria. Your story is inspiring. Your food is art.

[NARRATOR]
Ngayon, ang karinderya ni Maria ay isa nang sikat na fine dining restaurant sa mayayaman na bahagi ng Maynila. Ang mga putahe niya, pinag-uusapan pa rin ng marami. Ang kanyang kwento, nagiging inspirasyon sa maraming Pilipino na pangarap lang ang tingin sa kanilang mga sarili.

Ang tagumpay ay hindi lang pera, kundi ang kakayahang ibahagi ang iyong passion at ang iyong kwento sa mundo. I-like at mag-comment ng 🙏 kung naniniwala ka sa kapangyarihan ng pangarap.

[NARRATOR]
Kung nagustuhan mo ang kwento ni Maria, i-share mo ito sa iyong mga kaibigan at pamilya. Huwag kalimutang mag-subscribe sa CEO Stories Philippines para sa marami pang nakaka-inspire na kwento ng ating mga kababayan. At i-click mo ang notification bell para lagi kang updated.","Mula sa mga lutong Michelin-starred sa Paris, diretso sa puso ng Maynila! 🇵🇭✨ Handa ka na bang makinig sa kwento ng isang Pinoy chef na nagdala ng kanyang galing sa Pilipinas at nagtayo ng sariling fine dining empire?

Sa episode na ito ng CEO Stories PH, makikilala natin si Chef [Pangalan ng Chef, kung alam], ang utak sa likod ng [Pangalan ng Restaurant, kung alam], na nagbahagi ng kanyang mga pangarap, hamon, at tagumpay. Mula sa kanyang mga taon sa Paris hanggang sa pagtatayo ng kanyang pangarap na restaurant dito sa bansa, siguradong mapupukaw nito ang iyong determinasyon! 🏆

👇 MAG-COMMENT:
1. Ano ang paborito mong putahe na gusto mong matutunan mula kay Chef? 🍝
2. Anong pangarap sa negosyo ang gusto mong matupad? 🚀
3. Sino ang gusto mong makakita sa susunod na episode ng CEO Stories PH? 🤔

⏱️ MGA KABANATA:
0:00 - Panimula: Ang Pangarap na Nagmula sa Paris
1:30 - Buhay bilang Chef sa Michelin-Starred Restaurant
4:00 - Ang Desisyon na Umuwi at Magsimula sa Maynila
7:15 - Mga Hamon sa Pagtatayo ng Fine Dining Restaurant
10:00 - Ang Sikreto sa Likod ng Tagumpay at Unikong Menu
13:00 - Mensahe para sa mga Nais Sumunod na Entrepreneur

Huwag kalimutang mag-SUBSCRIBE para sa marami pang inspirasyonal na kwento! 👍 I-LIKE ang video kung nagustuhan mo, at i-SHARE sa iyong mga kaibigan na nangangailangan ng inspirasyon!

#CEOSeriesPH #PinoySuccess #Entrepreneurship #FilipinoPride #KusinaNgParis #FineDiningPH #Maynila #NegosyoPH #Inspirasyon #SuccessMindset #DreamBig #ChefLife #PassionProject #FromParisToManila #Pangarap #GalingPinoy #BusinessGoals #PinoyTalent #CulinaryJourney #MotivationDaily","Grabe ang galing ni Chef, 'di ba? Ano'ng naramdaman mo sa kwento niya na kaya nating abutin ang pangarap kahit saan? Share mo naman sa comments! Kung nagustuhan mo ang inspirasyon, i-like mo na 'tong video at mag-subscribe para sa marami pang kwento ng mga Pinoy na bayani!",false,2026-09-27T09:09:40
9,Isang agri-tech startup na nagsimula sa isang maliit na greenhouse — ngayon ay nagpo-produce ng 10 tonelada ng gulay kada buwan,startup_story,Mula 1 Greenhouse Hanggang 10 Tonelada/Buwan! 📈 | CEO Stories,"[NARRATOR]
Limang taon lang ang nakalipas, kumakalam ang sikmura niya habang nagbubunot ng damo sa isang maliit na bakuran. Ngayon, ang pangalan niya ay kilala sa industriya, at ang kanyang mga produkto ay nasa bawat upscale restaurant sa Metro Manila.

Hayaan ninyong ikuwento ko kung paano nagsimula ang lahat.

[OP_MALE]
Ako si Marco. Mayaman na sana ako kung hindi ako pinanganak sa isang simpleng pamilya sa probinsya ng Batangas. Lumaki ako na nakakakita ng mga magsasaka na hirap na hirap. Araw-araw, ang nakikita ko lang ay pawis at hirap, pero ang kita nila, kulang na kulang.

Ang pangarap ko noon, simple lang: makatulong sa kanila. Makahanap ng paraan para mas mapabuti ang buhay ng mga magsasaka, at mas mapababa ang presyo ng gulay para sa mga Pilipino. Parang imposible noong una, lalo na't nag-aral ako ng Business Administration. Sabi nila, ""Ano bang alam mo sa pagsasaka, Marco?""

[NARRATOR]
Nagsimula si Marco sa isang maliit na greenhouse na gawa sa mga recycled na materyales. P10,000 lang ang puhunan niya, galing sa ipon niya at konting utang sa kaibigan. Mayroon siyang dalawang katuwang noon, sina Mang Jose at Aling Susan, mga magsasakang tumaya sa pangarap niya.

I-like at mag-comment ng 💪 kung naiintindihan mo ang pakiramdam ng may malaking pangarap pero maliit na resources.

[OP_MALE]
Si Aling Susan, noon pa man, ay kilala na sa pagtatanim ng mga gulay sa kanilang maliit na lote. Pero nahihirapan siya sa mga peste at sa pabago-bagong panahon.

[ALING SUSAN]
Marco, anak, sana talaga magtagumpay ka dito. Kami nga, kahit anong sipag namin, nalulugi pa rin minsan. Sana yung proyekto mo, makatulong sa amin.

[MARCO]
Salamat po, Aling Susan. Gagawin ko po ang lahat. Kayang-kaya natin 'to. Gagamit tayo ng bagong teknolohiya dito sa maliit na greenhouse na ito. Hydroponics, vertical farming, mga ganun po.

[MANG JOSE]
Hala, Marco, ano ba yang mga salitang yan? Basta kami, tutulong kami sa pagdidilig at pag-aani.

[MARCO]
Sige po, Mang Jose. Kailangan ko po talaga ang tulong ninyo. Ang mahalaga, magtulungan tayo.

[NARRATOR]
Pero hindi naging madali ang lahat. Ang mga unang ani nila, kakaunti. Ang gastos sa kuryente at tubig, malaki. May mga panahon na halos wala na silang tubo. At may isang bagay na hindi pa nasasabi ni Marco sa inyo.

[OP_MALE]
May isang malaking pagsubok na dumating. Isang bagyo ang tumama sa aming lugar. Nasira ang halos kalahati ng greenhouse namin. Nawala ang mga pananim namin na pinaghirapan namin nang ilang buwan. Para akong nawalan ng pag-asa. Naisip ko, baka nga tama sila, baka hindi talaga para sa akin ang negosyong ito.

[CHARACTER_M]
Marco! Nabalitaan ko ang nangyari. Nakakalungkot. Sayang yung pinaghirapan mo.

[OP_MALE]
Oo, Mang Ben. Mahirap talaga. Parang gusto ko na sumuko.

[CHARACTER_M]
Huwag kang susuko, Marco. Alam mo, ang pinaka-mahirap na bahagi ng pagiging magsasaka ay ang pagbangon mula sa mga pagsubok. Kailangan mo lang magsimula ulit. Nandito kami para sa iyo.

[NARRATOR]
Ang mga salita ni Mang Ben, isang kapwa magsasaka na nakakaranas din ng mga hirap, ay nagbigay ng lakas kay Marco. Hindi siya nagpatalo sa pagsubok. Sa halip, ginamit niya ito para mas pagbutihin pa ang kanyang sistema.

[OP_MALE]
Doon ko na-realize na kailangan kong mag-innovate talaga. Hindi pwedeng puro traditional farming lang. Nag-aral pa ako lalo tungkol sa agri-tech. Naghanap ako ng mga investors na maniniwala sa konsepto ko. Mahirap, pero hindi ako tumigil.

[NARRATOR]
Manatili kayo — dahil ang susunod na mangyayari ay hindi kapani-paniwala. Mula sa P10,000 na puhunan, at pagkasira ng kanilang mga pananim, ano ang naging susi para sila ay makabangon at mas lumago pa?

[OP_MALE]
Ang turning point, para sa akin, ay nung nagkaroon kami ng pagkakataon na ipakita ang aming produkto sa isang agri-business expo. Dito, nakilala namin si Ms. Reyes, isang kilalang chef sa isang malaking hotel sa Manila. Nagustuhan niya ang kalidad ng aming mga gulay – sariwa, malinis, at walang halong kemikal.

[CHARACTER_F]
Marco, ang ganda ng mga gulay mo! Hindi ko akalain na ganito pala kaganda ang resulta ng agri-tech. Kailangan ko 'to sa aking restaurant.

[OP_MALE]
Salamat po, Ma'am. Ito po ang bunga ng sipag at pagbabago.

[CHARACTER_F]
Gusto ko sana ng regular na supply. Kaya mo bang mag-supply ng 10 tonelada kada buwan?

[OP_MALE]
(Napatigil sandali, namamangha)
10 tonelada? Ma'am, sa ngayon, hindi pa po namin kaya. Pero sisikapin ko po. Bibigyan niyo po ba ako ng pagkakataon na mapatunayan ko?

[CHARACTER_F]
Okay, Marco. Bibigyan kita ng tatlong buwan. Kung mapatunayan mong kaya mo, partnership na tayo. Pero kung hindi, aba, hanap ako ng iba.

[NARRATOR]
Ito na ang pinakamalaking pagkakataon ni Marco. Sa loob ng tatlong buwan, kailangan niyang palakihin ang kanyang operasyon, mag-hire ng mas maraming tao, at patunayan na kaya niyang i-meet ang demand. Hindi lang ito tungkol sa pera, kundi tungkol sa pagpapatunay na ang mga Pilipinong magsasaka ay kayang makipagsabayan sa global standards.

[OP_MALE]
Naging marathon ang tatlong buwan na iyon. Nag-focus kami sa pag-expand. Humiram kami ng kapital, nag-invest sa mas malalaking greenhouse at mas advanced na kagamitan. Nag-recruit kami ng mga bagong kasamahan na may kaalaman sa teknolohiya at agri-business. Si Aling Susan at Mang Jose, naging mga team leader namin. Sila ang nag-train sa mga bago.

[ALING SUSAN]
Marco, kaya natin 'to. Ang dami na nating natutunan. Ang pinakamahalaga, nagkakaisa tayo.

[MANG JOSE]
Kahit pagod, masaya kami, Marco. Dahil nakikita namin ang pagbabago.

[NARRATOR]
At sa tulong ng dedikasyon ni Marco at ng kanyang buong team, nagawa nila. Nakapag-deliver sila ng 10 tonelada ng sariwa at dekalidad na gulay sa hotel ni Ms. Reyes, at nagpatuloy pa ito buwan-buwan. Ang kanilang agri-tech startup, na nagsimula sa maliit na bakuran, ay naging isa sa mga nangungunang supplier ng gulay sa Metro Manila.

[OP_MALE]
Ngayon, hindi na lang kami nagsu-supply sa mga restaurant. Nagbebenta na rin kami sa mga grocery, at nag-e-export na rin sa ibang bansa. Ang P10,000 na puhunan noon, ngayon ay umabot na sa milyun-milyong piso ang halaga ng aming kumpanya. Ang pangarap kong makatulong sa mga magsasaka at mapababa ang presyo ng gulay, unti-unti na itong natutupad. Nakakatuwang isipin na ang dating maliit na greenhouse, ngayon ay pinagkukunan na ng kabuhayan ng daan-daang pamilya.

[NARRATOR]
Ang kwento ni Marco ay patunay na ang sipag, determinasyon, at pagtanggap sa pagbabago ay kayang magbigay ng milagro. Hindi hadlang ang kahirapan kung mayroon kang matibay na pangarap at hindi ka natatakot na sumubok.

Kung nagustuhan mo ang kwentong ito, i-share mo naman sa iyong mga kaibigan na nangangailangan ng inspirasyon. At huwag kalimutang mag-subscribe sa CEO Stories Philippines para sa marami pang kwento ng tagumpay na magbibigay sa iyo ng lakas na abutin ang iyong mga pangarap. Ano pa bang kwento ng tagumpay ang gusto mong marinig? I-comment mo sa ibaba!","Handa ka na bang masilayan ang pagbabagong-anyo ng isang simpleng greenhouse tungo sa isang higanteng agri-tech powerhouse? 🤯 Halina't pakinggan ang kahanga-hangang kwento ng tagumpay na magbibigay sa iyo ng inspirasyon!

Sa video na ito, susubaybayan natin ang paglalakbay ng isang agri-tech startup na nagsimula sa isang maliit na greenhouse, at ngayon ay nagluluwal na ng 10 tonelada ng sariwang gulay buwan-buwan! Paano nila ito nagawa? Ano ang mga hamon na kanilang nalagpasan? Alamin ang lahat sa ""CEO Stories""!

👇 MAG-COMMENT:
1. Ano ang pinaka-inspiring na bahagi ng kwento para sa iyo?
2. Anong agri-tech innovation ang gusto mong makita sa Pilipinas?
3. Nais mo bang magsimula ng sarili mong agri-business?

⏱️ MGA KABANATA:
0:00 - Panimula: Mula sa Pangarap Patungong Realidad
1:30 - Ang Simula: Ang Unang Greenhouse at ang Pagsisimula
3:45 - Pagharap sa mga Hamon: Mga Problema at Solusyon
6:20 - Ang Paglago: Pag-abot sa 10 Tonelada/Buwan
8:55 - Mga Sikreto sa Tagumpay: Mga Aral mula sa CEO
11:10 - Ang Kinabukasan ng Agri-Tech sa Pilipinas

Huwag kalimutang i-LIKE, SUBSCRIBE, at i-SHARE ang video na ito sa iyong mga kaibigan at pamilya!

#AgriTech #StartupJourney #SuccessStory #FilipinoEntrepreneur #SustainableFarming #FromZeroToHero #BusinessGrowth #Inspiration #Tagumpay #AgriBusiness #PhilippineAgriculture #Innovation #Farming #Harvest #CEOStories #PinoyPride #Entrepreneurship #FarmToTable #TechInAgriculture #GalingNgPinoy",Handa ka na bang makamit ang pangarap mong paglago sa negosyo? Ano ang pinakamalaking hamon na kinaharap mo sa pagpapalaki ng iyong farm? Mag-subscribe at i-like para sa mas marami pang inspirasyon!,false,2026-09-27T09:09:58
10,Isang OFW na naging CEO ng isa sa pinakamalaking recruitment agency sa Pilipinas,pinoy_ceo,Mula Labandera Hanggang CEO: Paano Niya Nasakop ang Recruitment World? 🏆 | CEO Stories PH,"[NARRATOR]
Sa isang madilim na sulok ng Hong Kong, isang Pilipina ang umiiyak sa gilid ng kalsada, dala-dala ang basag na pangarap at isang isang libong piso na lang ang laman. Limang taon matapos ang gabing iyon, siya na ang nagmamay-ari ng pangarap na dati’y nakaluhod siyang hinahanap. Hayaan ninyong ikuwento ko kung paano nagsimula ang lahat.

[OP]
Ako si Maria Clara Reyes, 26 years old. Ang pangarap ko lang naman noon ay makapagpadala ng sapat para sa pag-aaral ng mga kapatid ko at makatulong sa aking mga magulang. Pero ang realidad sa Hong Kong, ibang-iba sa pinangarap ko. Mag-isa ako, malayo sa pamilya, at ang trabaho ko bilang domestic helper, araw-araw ay pagsubok. Ang sahod ko, halos ubos na sa pambayad ng utang at pambili ng murang pagkain. Minsan, wala na akong makain.

[NARRATOR]
Sa bawat pawis na tumatagaktak sa noo ni Maria Clara, sa bawat luha na pumatak sa malamig na semento ng Hong Kong, mayroong isang natatanging determinasyon na hindi matitinag. Ngunit may isang bagay na hindi ko pa nasasabi sa inyo — isang lihim na nakatago sa puso niya, na siyang magiging susi sa kanyang pagbangon. I-like at mag-comment ng 💪 kung naiintindihan mo ang pakiramdam ng pagpupursige kahit walang kasama.

[OP]
Naalala ko pa yung araw na yun. Nagluto ako ng hapunan para sa amo ko. Habang naghihiwa ako ng gulay, biglang huminto ang orasan sa kusina. Tumingin ako sa repleksyon ko sa kutsilyo, basahan lang ang suot ko, pagod na pagod ang mukha ko. Bigla akong naiyak. Napaluhod ako. ""Kaya ko pa ba?"" bulong ko sa sarili ko. Biglang kumatok sa pinto ang anak nilang lalaki, si Miguel.

[CHARACTER_M]
Clara, narinig mo ba yung ingay? Ok ka lang? Bakit ka umiiyak?

[OP]
(Umiiyak)
Wala, Miguel. Napagod lang.

[CHARACTER_M]
Sige na, tuloy mo na ginagawa mo. Malaki na tao, kaya mo yan.

[OP]
Nahihiya na ako. Gusto ko na lang maglaho. Pero naalala ko si Nanay at Tatay. Sila ang lakas ko.

[CHARACTER_M]
Hindi ka nag-iisa, Clara. Nandito lang ako kung kailangan mo ng kausap.

[NARRATOR]
Ang mga salitang iyon, simpleng pangaral mula kay Miguel, ay nagbigay ng konting ginhawa kay Maria Clara. Ngunit ang tunay na pagbabago ay magmumula sa isang hindi inaasahang pangyayari. Manatili kayo — dahil ang susunod ay HINDI kapani-paniwala.

[OP]
Isang gabi, habang naglilinis ako ng kwarto ng amo ko, nakita ko ang isang folder na nakapatong sa mesa. Naka-label ito ng ""Recruitment Agency."" Dahil sa sobrang curiosity, binuklat ko ito. Nakita ko ang mga kontrata, mga larawan ng mga nagtatrabaho abroad, at ang mga success stories. Napaisip ako, ""Paano kung ako naman ang tumulong sa mga tulad kong nangangailangan?""

[CHARACTER_F]
Clara, ano yang hawak mo? Bawal yan galawin.

[OP]
Pasensya na po, Ma'am. Nakita ko lang po. Napansin ko lang po, ang dami palang Pilipino na nagtatrabaho sa ibang bansa. Sana po, may paraan para mas maging madali ang pag-alis nila at mas maging maayos ang kanilang mga kontrata.

[CHARACTER_F]
Maganda yang naiisip mo, Clara. Pero mahirap yan. Kailangan mo ng malaking puhunan, maraming papeles, at kailangan mo ng tiwala ng mga tao.

[OP]
Alam ko po, Ma'am. Pero gusto ko pong subukan. Kahit sa maliit na paraan. Kahit dito lang sa Hong Kong, magsimula.

[NARRATOR]
Hindi inaasahan ni Maria Clara ang magiging reaksyon ng kanyang amo. Ang simpleng pagtingin niya sa folder ay magbubukas ng pinto na dati’y sarado para sa kanya. Ito ang naging simula ng kanyang pag-angat. Ang mga araw ng paglilinis ay napalitan ng pag-aaral. Ang mga gabi ng pag-iyak ay napalitan ng pagbuo ng business plan.

[OP]
Nagsimula ako sa maliit na opisina. Pinagsama ko lahat ng ipon ko at humiram pa ako ng pera sa mga kaibigan kong Pilipino doon sa Hong Kong. Ang pangalan ng agency ko: ""Kapit-Kamay Overseas Services."" Ang layunin ko: hindi lang magpadala ng tao, kundi gabayan sila. Tinitiyak ko na ang mga kliyente ko ay may maayos na kontrata, tamang sahod, at legal na papeles. Nagsimula akong tumulong sa mga kasamahan kong domestic helper na gusto magpalipat ng amo o gustong mag-renegotiate ng kanilang kontrata.

[NARRATOR]
Sa bawat tagumpay ng Kapit-Kamay, lumalaki ang reputasyon ni Maria Clara. Ang dating OFW na umiiyak sa kalsada ay unti-unting nagiging kilalang pigura sa komunidad ng mga Pilipino sa Hong Kong. Ngunit ang pag-usbong na ito ay hindi naging madali. May mga dumating na pagsubok na susubok sa kanyang katatagan. Ito ang bahagi na hindi ko pa naikuwento kahit kanino.

[OP]
May mga kumpanya na ayaw sa akin. Nakikita nila na ang linya ko ay kakaiba. Mas mura, mas mabilis, at mas nakatutok sa kapakanan ng manggagawa. May mga nagsabi pa na sinisira ko daw ang ""negosyo"" nila. Isang beses, may nagbantay pa sa harap ng maliit naming opisina. Sinisiraan nila ako sa harap ng mga kliyente.

[CHARACTER_M2]
(Sumisigaw sa harap ng opisina)
Wag kayong maniniwala diyan sa Kapit-Kamay! Nandadaya sila! Ang mga kontrata nila, peke!

[OP]
(Lumabas ng opisina, kalmado pero matatag)
Wala kayong karapatang manira ng iba. Kung may reklamo kayo, dumaan tayo sa tamang proseso. Hindi sa paninira. Nandito kami para tumulong, hindi para manloko.

[NARRATOR]
Ang mga hamon na ito ay hindi nagpatinag kay Maria Clara. Sa bawat paninirang puri, lalo lamang siyang naging determinado na patunayan na ang kanyang negosyo ay hindi lang kumikita, kundi nagbibigay din ng pag-asa. Ang kanyang katapatan at dedikasyon ang nagsilbing sandata niya.

[OP]
Hindi ko pinansin ang mga paninirang puri. Mas lalo akong nagtrabaho. Hinanap ko ang mga Pilipino na nasa mahihirap na sitwasyon. Ang mga nawalan ng trabaho, ang mga inaabuso. Naging parang tagapagtanggol nila ako. Sa bawat taong natutulungan ko, doon ko nakukuha ang lakas. Ang Kapit-Kamay Overseas Services, unti-unting naging simbolo ng pag-asa para sa maraming OFW.

[NARRATOR]
Dumating ang panahon na ang maliit na opisina sa Hong Kong ay hindi na sapat. Ang reputasyon ni Maria Clara ay umabot na sa Pilipinas. Ang mga malalaking kumpanya, na dati’y tinitingnan siyang maliit na kakumpitensya, ay nakita ang potensyal ng kanyang modelo. Ang dating OFW, na dati’y nagpupunas ng sahig, ay nakatanggap ng alok na maging CEO ng isa sa pinakamalaking recruitment agency sa Pilipinas.

[OP]
Hindi ko inakala. Mula sa pagiging domestic helper, naging CEO ako. Ang Kapit-Kamay, naging bahagi na ng isang mas malaking kumpanya. Hindi ko makalimutan yung unang araw ko sa opisina sa Pilipinas. Tumingin ako sa malaking bintana, nakikita ko ang Maynila. Napaluha ako. Naalala ko si Nanay at Tatay. Naalala ko yung araw na umiiyak ako sa Hong Kong.

[NARRATOR]
Ang kwento ni Maria Clara Reyes ay patunay na ang pinakamalaking pagsubok ay kadalasang nagsisilbing pinakamagandang pagkakataon. Mula sa simpleng pangarap na makatulong sa pamilya, hanggang sa pagiging CEO ng isang kumpanyang nagbibigay ng daan-daang libong oportunidad sa mga Pilipino. Ang kanyang tapang, sipag, at higit sa lahat, ang kanyang puso para sa kapwa, ang siyang nagdala sa kanya sa tuktok.

[NARRATOR]
Kung nanggaling ka rin sa hirap at mayroon kang pangarap na gustong abutin, huwag kang susuko. Ang bawat pagod, bawat luha, ay may katumbas na tagumpay. I-share ang kwentong ito sa iyong mga kaibigan at pamilya na nangangailangan ng inspirasyon. At kung gusto mo pa ng mga kwento ng tagumpay na magpapalakas ng loob mo, mag-subscribe na sa CEO Stories Philippines. I-comment mo sa ibaba ang pangalan ng susunod na Pilipinong nais mong marinig ang kwento ng tagumpay.","Mula sa paglalaba hanggang sa pagiging CEO! 🇵🇭 Paano nalampasan ng isang Filipina ang mga hamon at naging dominanteng puwersa sa recruitment industry? Panoorin ang kanyang inspiring journey! 🚀

👇 MAG-COMMENT:
1. Ano ang pinaka-nakapagbigay inspirasyon sa iyo sa kwento niya?
2. Anong recruitment agency ang gusto mong malaman pa?
3. Anong sarili mong pangarap ang gusto mong abutin?

⏱️ MGA KABANATA:
0:00 - Intro: Ang Simula Bilang Labandera
1:30 - Paglalakbay sa Ibang Bansa at ang Unang Hakbang sa Recruitment
3:45 - Mga Hamon sa Pagbuo ng Sariling Agency
6:00 - Pagiging CEO: Ang Pagharap sa Tagumpay
8:15 - Mga Sikreto sa Pagiging Pinakamalaking Recruitment Agency
10:30 - Mensahe Para sa mga Nais Magtagumpay

Huwag kalimutang i-LIKE, i-SHARE, at mag-SUBSCRIBE para sa marami pang kwentong tagumpay mula sa Pilipinas!

#CEOStoriesPH #OFWSuccess #RecruitmentPH #FilipinaCEO #InspiringFilipina #BusinessPH #SuccessStory #PinoyPride #EntrepreneurPH #Grit #Resilience #WomenInBusiness #CareerGoals #DreamBig #MotivationPH #Tagumpay #Philippines #FilipinoDream #BusinessMindset #Leadership","Gusto mo rin bang makamit ang iyong pangarap tulad ng ating bida? I-share mo naman sa comments kung ano ang pinaka-nakapag-inspire sa'yo sa kwento niya! At para hindi mo ma-miss ang iba pang amazing success stories, 'wag kalimutang mag-subscribe at i-like ang video na 'to! Tara, sabay-sabay tayong umangat!",false,2026-09-27T09:10:17
11,OFW sa Spain na nagtrabaho bilang household helper — natuto ng Spanish — naging interpreter — ngayon ay may language training center,ofw_success,Mula Helper → CEO: Di Totoong Kwento! 😱 | CEO Stories PH,"[NARRATOR]
Sa gitna ng malamig na gabi sa Madrid, natagpuan niya ang sarili na naglilinis ng banyo ng isang estranghero, habang ang bilyon-bilyong bituin sa langit ay tila nanunuya sa kanyang pangarap na magtayo ng sariling paaralan. Ngayon, libu-libong estudyante ang pumipila sa kanyang pintuan, handang magbayad ng malaki para matutunan ang wikang minsa'y hindi niya maintindihan.

Hayaan ninyong ikuwento ko kung paano nagsimula ang lahat.

[OP]
Ako si Maria, 32 years old. Nanggaling ako sa isang maliit na probinsya sa Bicol. Lumaki ako sa hirap. Tatlo kaming magkakapatid, at ang nanay ko lang ang breadwinner. Siya ang naglilinis ng mga opisina sa umaga, at nagluluto ng mga order sa gabi. Ang pangarap ko lang noon ay makatulong sa kanya, at makapagtapos ng pag-aaral. Pero kulang na kulang talaga ang pera.

[NARRATOR]
Noong 20s pa lang si Maria, nakita niya ang pagkakataon na makapagtrabaho sa ibang bansa. Sa Spain, ipinangako sa kanya ang magandang buhay bilang isang household helper. Akala niya, doon na magbabago ang lahat.

[OP]
Pagdating ko sa Madrid, ibang-iba sa inakala ko. Oo, may trabaho ako, pero ang hirap. Naglilinis ako ng bahay, naglalaba, nagluluto para sa pamilyang pinapasukan ko. Madalas, wala akong pahinga. Ang pinakamahirap, yung hindi ko maintindihan yung sinasabi nila. Kahit yung simpleng ""buenos días,"" nahihirapan akong isagot. Nakakababa ng loob. Naisip ko, paano ako makakaahon kung ganito?

[NARRATOR]
Nakakababa ng loob, pero hindi sumuko. Sa bawat paglilinis, sa bawat paglalaba, may isang malaking pangarap na nagpapalakas kay Maria.

I-like at mag-comment ng 💪 kung naiintindihan mo ang pakiramdam ng lumaban para sa pangarap.

[OP]
Ang nanay ko ang inspirasyon ko. Lagi niyang sinasabi, ""Anak, ang edukasyon ang tanging kayamanan na hindi mananakaw sa'yo."" Kahit mahirap, pinilit niyang makapag-aral kami. Kaya naisip ko, kailangan kong maging matalino, kailangan kong matuto.

[CHARACTER_M]
(Sa Spanish, may kaunting hirap sa accent)
María, puedes limpiar el baño ahora, por favor? Está un poco sucio.

[OP]
(Sa Spanish, kinakabahan)
Sí, señora. Ahora mismo.

[CHARACTER_F]
(Sa Spanish)
¿Entiendes, María? El baño necesita una limpieza.

[OP]
(Sa Spanish, mas kumpiyansa)
Sí, comprendo. Lo limpiaré inmediatamente.

[CHARACTER_M2]
(Sa Spanish)
¡Mira! Ahora habla español. ¡Qué bien!

[OP]
(Sa Spanish, napapangiti)
Gracias. Estoy aprendiendo.

[NARRATOR]
Nakikinig siya sa TV, nakikinig sa usapan ng mga amo niya, kahit sa kalsada. Bawat salitang naririnig niya, sinusubukan niyang intindihin, sinusubukan niyang gayahin.

[NARRATOR]
Manatili kayo — dahil ang susunod na mangyayari ay HINDI kapani-paniwala. Habang nagtatrabaho siya bilang kasambahay, may isang sikreto siyang ginagawa na magpapabago sa kanyang buhay.

[OP]
Alam niyo ba, habang naglilinis ako, may dala akong maliit na notebook. Doon ko sinusulat yung mga bagong salitang natututunan ko. Sa gabi, pagkatapos ng lahat ng trabaho, nag-aaral ako. Minsan, inaabot ako ng madaling araw. Nakaka-antok, pero naalala ko ang nanay ko.

Tapos, may nakilala akong isang Pilipino rin doon, si G. Santos. Siya yung nag-uugnay ng mga tao sa mga trabaho. Nakita niya yung sipag ko, at yung determinasyon kong matuto ng Spanish. Kinausap niya ako.

[CHARACTER_M2]
María, may nakita akong trabaho. Kailangan nila ng interpreter sa isang clinic. Hindi masyadong mahirap, at mas mataas ang sahod kaysa sa pagiging household helper. Ang problema, kailangan mo ng magaling na Spanish.

[OP]
Sinubukan ko. Nag-practice ako nang todo. Sa clinic, marami akong narinig na mga medical terms na bago sa akin. Nanginginig ang mga kamay ko sa una, pero inisip ko, ito na ang pagkakataon ko. Nagtanong ako nang nagtanong sa mga doktor at pasyente.

[CHARACTER_F2]
(Sa Spanish)
¿Cómo se dice ""high blood pressure"" en español, enfermera?

[OP]
(Sa Spanish, mabilis at malinaw)
Se dice ""presión arterial alta"" o ""hipertensión."" ¿Necesita que le traduzca algo?

[CHARACTER_F2]
(Sa Spanish, natutuwa)
¡Oh, muchas gracias! Hablas muy bien.

[NARRATOR]
Hindi nagtagal, dahil sa husay niya, naging paborito siya ng mga pasyente at ng mga doktor. Hindi na lang siya simpleng interpreter. Naging tulay na siya ng komunikasyon, ng pagtitiwala.

[OP]
Naramdaman ko na ang pagbabago. Hindi na ako yung dating Maria na nahihiyang magsalita. Nagkaroon ako ng kumpiyansa sa sarili. Pero hindi pa rin ako kuntento. Habang nagtatrabaho ako bilang interpreter, nakikita ko yung mga ibang Pilipino na nahihirapan din sa Spanish. Doon ko naisip, bakit hindi ko sila tulungan?

[NARRATOR]
Ang dating kasambahay na hindi maintindihan ang salita, ngayon ay may malaking plano. Gusto niyang magtayo ng sariling paaralan.

[OP]
Nagsimula ako sa maliit. Sa kwarto ko, nagtuturo ako sa ilang kapwa ko Pilipino. Dalawa, tatlo, lima ang dumadating. Libre lang noong una, gusto ko lang talagang makatulong. Pero habang dumadami sila, nakita ko ang potensyal.

[NARRATOR]
Ang maliit na silid-tulugan ay naging maliit na classroom. Ang mga kwentong hirap sa Spanish ay naging mga kwento ng tagumpay.

[OP]
Nag-ipon ako. Mula sa sahod ko bilang interpreter, nagtabi ako. Pinaghirapan ko talaga. May mga araw na gusto ko nang sumuko. Nakakapagod, pero naalala ko kung saan ako nagsimula.

[NARRATOR]
Ang paglalakbay ni Maria ay patunay na ang kahirapan ay hindi hadlang sa pangarap. Ang determinasyon, sipag, at determinasyon ang tunay na puhunan.

[OP]
Ngayon, may sarili na akong language training center dito sa Spain. May mga Pilipino na ang nagtuturo sa mga Espanyol, at mga Espanyol na nagtuturo sa mga Pilipino. Marami na kaming estudyante. Ang dating naglilinis ng banyo, ngayon ay nagpapagawa ng building.

[NARRATOR]
Mula sa pagiging household helper, natutunan ang Spanish, naging interpreter, at ngayon ay CEO ng isang language training center. Ang kwento ni Maria ay inspirasyon sa bawat Pilipinong nangangarap. Ang mga pangarap na tingin natin ay imposible, ay maaabot natin kung hindi tayo titigil sa paglaban.

I-share mo naman ang kwentong ito sa iyong mga kaibigan at pamilya. Sino kaya ang susunod na makakapagbigay inspirasyon sa atin?

At kung gusto mong makarinig pa ng mga kwentong tulad nito, i-click mo ang subscribe button at ang notification bell para updated ka sa aming mga bagong video. Salamat sa panonood!","Hindi mo akalain na ang isang ordinaryong household helper sa Spain ay maaaring maging isang matagumpay na CEO! 😱 Halina't pakinggan ang totoong kwento ng isang OFW na bumago ng kanyang kapalaran!

Sa video na ito, makikilala natin si [Pangalan ng CEO, kung alam], isang dating OFW na nagsimula bilang household helper sa Spain. Sa kabila ng mga hamon, hindi siya sumuko. Natuto siya ng wikang Spanish, naging isang interpreter, at ngayon ay pinamamahalaan na niya ang kanyang sariling language training center! Isang napakalaking paglalakbay mula sa pagiging helper hanggang sa pagiging isang CEO!

👇 MAG-COMMENT:
1. Ano ang pinaka-inspire sa'yo sa kwento niya?
2. Mayroon ka bang katulad na karanasan o pangarap?
3. Anong language skill ang gusto mong matutunan?

⏱️ MGA KABANATA:
0:00 Intro: Ang Di Totoong Kwento
1:15 Simula sa Spain: Ang Hamon Bilang Helper
3:40 Ang Pagkatuto ng Spanish: Susi sa Pagbabago
6:05 Mula Helper Patungong Interpreter: Ang Unang Tagumpay
9:20 Ang Pangarap na Maging Negosyante
12:00 Pagbukas ng Language Training Center: Ang Realisasyon
15:30 Aral at Payo para sa mga OFW at Aspiring Entrepreneurs

Huwag kalimutang mag-SUBSCRIBE para sa mas marami pang inspirasyonal na kwento! I-LIKE ang video na ito kung nagustuhan mo, at i-SHARE sa iyong mga kaibigan at pamilya na nangangailangan ng inspirasyon!

#CEOStoriesPH #OFWSuccess #InspiringStories #Tagumpay #Paglalakbay #FromHelperToCEO #LanguageLearning #Entrepreneurship #Motivation #SuccessMindset #GalingOFW #DreamBig #NeverGiveUp #PinoyPride #BusinessOwner #CareerGoals #FilipinoSuccess #GlobalSuccess #InspiringFilipino #WorkHardPlayHard",Nakaka-inspire diba? Ano sa tingin mo ang pinakamahalagang aral na nakuha ni CEO mula sa pagiging helper? I-share mo sa comments at don't forget to LIKE at SUBSCRIBE for more amazing CEO Stories PH!,false,2026-09-27T09:10:34
12,Nag-aalaga ng baboy sa bakanteng lote — ngayon ay may integrated livestock farm at meat processing plant,small_business,Mula Baboy sa Bakanteng Lote → Livestock Tycoon! 🐷 | CEO Stories PH,"[NARRATOR]
Isang araw, natutulog siya sa tabi ng mga baboy na pangarap niyang buhayin. Sampung taon pagkatapos, ang mga baboy na iyon ang nagbigay sa kanya ng isang milyong piso bawat buwan.

Hayaan ninyong ikuwento ko kung paano nagsimula ang lahat.

[OP_MALE]
Ako si Mang Jose, 52 taong gulang. Dati, nagtatrabaho lang ako bilang security guard sa isang malaking kumpanya sa Maynila. Buhay mahirap. Sa probinsya, wala akong lupa na maipapamana sa mga anak ko. Ang tanging pag-asa ko ay ang maliit na kita ko bilang guwardiya, na halos kulang na kulang para sa pang-araw-araw na gastusin ng pamilya ko sa Cavite. Ang pangarap ko noon? Magkaroon lang ng sariling maliit na negosyo para hindi na ako umasa sa iba, at para makapagbigay ng mas magandang kinabukasan sa mga anak ko.

[NARRATOR]
Pero paano ka magsisimula ng negosyo kung ang pera mo ay pang-araw-araw na pangangailangan lang? Ang simula ni Mang Jose ay hindi sa malinis na opisina, kundi sa isang maalikabok na bakanteng lote. Doon niya sinimulan ang kanyang pangarap, kasama ang mga alagang baboy. I-like at mag-comment ng 💪 kung naiintindihan mo ang pakiramdam ng pagsisimula sa pinakamababang antas.

[OP_MALE]
Nung una, talagang pinagtawanan ako ng mga kapitbahay. ""Jose, ano 'yan? Babuyan sa tabi ng kalsada?"" sabi nila. Ang bakanteng lote na iyon ay pagmamay-ari ng isang kaibigan ko, si Mang Bert. Nakiusap ako kung pwede kong gamitin kahit maliit na bahagi para mag-alaga ng ilang baboy. Sa umpisa, tatlo lang na biik ang binili ko. Pambili ko na nga 'yun ng isang buwang baon ng mga anak ko. Pero kailangan kong sumugal.

[CHARACTER_M]
Hoy Jose! Sigurado ka ba sa pinasok mo? Baka imbes na yumaman ka, lalo ka lang maghirap niyan. Sayang yung effort mo.

[OP_MALE]
Hayaan mo na, Mang Bert. Ito na lang ang nakikita kong paraan. Kahit maliit lang muna.

[CHARACTER_M]
Bahala ka, basta huwag mo lang pababayaan 'yan. Baka dumami pa 'yan at mangamoy dito sa amin.

[CHARACTER_F]
Diyos ko, Jose. Sigurado ka na ba talaga dito? Baka mamaya, hindi mo pala kaya.

[OP_MALE]
Kaya ko ito, mahal. Kailangan natin. Para sa mga bata.

[NARRATOR]
Mukhang madali para sa atin na husgahan ang mga taong nagsisimula sa maliit. Pero si Mang Jose, hindi siya sumuko sa mga pangungutya. Kahit na ang kinikita niya sa pagbababoy ay kaunti pa, pinalaki niya ang kanyang kawan. Lumalaki ang kawan, lumalaki ang problema. Nagkaroon ng sakit ang mga alaga niya. Halos lahat, namatay. Isang malaking dagok sa kanya. Manatili kayo — dahil ang susunod na mangyayari ay HINDI kapani-paniwala. Ang bangungot na naranasan niya ay siya ring magiging susi sa kanyang pagbangon.

[OP_MALE]
Nung unang beses nagkasakit ang mga baboy ko, parang gumuho ang mundo ko. Nawalan ako ng halos lahat ng puhunan. Nagkulang pa lalo ang pera. Umiiyak ako noon habang nakatingin sa mga patay kong alaga. Naisip ko na baka tama nga ang mga nagsasabi sa akin, baka hindi ko talaga kaya. Gusto ko nang sumuko. Gusto ko nang bumalik sa pagiging security guard at kalimutan na lang ang lahat. Pero nakita ko ang mga anak ko. Nakita ko ang pagod sa mukha ng asawa ko. Hindi pwede. Hindi pa ito ang katapusan.

[CHARACTER_F]
Jose, okay ka lang? Nakita kita kanina. Umiiyak ka. Huwag mo hayaan na talunin ka ng lungkot.

[OP_MALE]
Mahal, hindi ko na alam ang gagawin ko. Nalugi na naman tayo. Paano na ang mga bayarin?

[CHARACTER_F]
Hindi natin problema 'yan ngayon. Ang mahalaga, buhay ka, buhay ang mga bata. Hindi natin isusuko 'yan. Mag-isip tayo ng paraan. Ano ba ang naging problema sa mga baboy mo?

[OP_MALE]
Hindi ko alam, mahal. Bigla na lang sila nagkasakit. Siguro sa pagkain? O sa init?

[CHARACTER_F]
Baka nga. Tignan natin ulit. Siguro kailangan natin ng mas magandang lugar, mas malinis. Tingnan natin kung may ibang paraan para alagaan sila.

[OP_MALE]
Sige, mahal. Gagawin natin 'to. Kahit mahirap.

[NARRATOR]
Ang pagkawala ng mga baboy ang nagturo kay Mang Jose ng isang mahalagang aral: hindi sapat ang sipag at tiyaga lang. Kailangan din ng kaalaman. Nagsimula siyang magbasa ng mga libro tungkol sa agrikultura at pag-aalaga ng hayop. Nagtanong-tanong siya sa mga beterinaryo at mga matagumpay na magsasaka. Nalaman niya ang kahalagahan ng tamang nutrisyon, tamang sanitasyon, at tamang pagpapatayo ng kulungan. Dahil sa kanyang determinasyon, muli siyang nakapag-ipon at nagtayo ng mas maayos na farm. Mas maliit lang sa dati, pero mas maayos. At sa pagkakataong ito, hindi lang siya basta nag-aalaga. Nag-aaral siya.

[OP_MALE]
Na-realize ko na hindi ko lang basta binubuhay ang mga baboy. Kailangan ko silang alagaan ng tama. Nag-enroll ako sa mga libreng seminar na ino-offer ng Department of Agriculture. Nagbabasa ako ng mga artikulo online. Nakikipag-usap ako sa mga eksperto. Kahit hindi ako nakapagtapos ng college, naintindihan ko ang science sa likod ng pag-aalaga. Naglaan ako ng pera para sa mas magandang klase ng pagkain, para sa mga gamot, at para sa mas malinis at maayos na kulungan. Ang kaalaman pala ang pinakamalaking puhunan.

[NARRATOR]
At dahil sa tamang kaalaman at diskarte, nagsimula nang dumami muli ang kanyang mga alaga. Hindi na lang ito basta babuyan sa bakanteng lote. Naging organisado na ito. Mula sa ilang biik, umabot ito sa sampung baboy, tapos dalawampu, hanggang sa hindi na niya kinakaya sa bakanteng lote. Dito na pumasok ang tinatawag na ""integrated livestock farm."" Nangangahulugan ito na hindi lang siya nag-aalaga ng baboy, kundi pati na rin ng iba pang hayop, at nagpapalago ng sarili niyang mga pananim na ginagamit niyang pataba at pagkain para sa mga hayop.

[OP_MALE]
Nung nagsimula nang dumami ang mga baboy ko, hindi na kasya sa bakanteng lote. Buti na lang, pinayagan ako ni Mang Bert na gamitin ang mas malaking bahagi ng lupa niya, kapalit ng maliit na renta. Binigyan ko ng mas maayos na kulungan ang mga baboy. Hindi na yung simpleng kawayan lang. Gumamit na ako ng mas matibay na materyales. Nagtanim din ako ng mga gulay at mga mais. Ginagamit ko yung dumi ng baboy bilang pataba sa mga tanim ko. Tapos, yung mga sobra-sobrang damo at mga tira-tirang pagkain, kinakain ng mga baboy. Naging sustainable ang sistema.

[NARRATOR]
Hindi na siya yung dating Mang Jose na nagtatrabaho bilang security guard. Ngayon, siya na ang pinagkakatiwalaan ng mga tao sa kanilang lugar para sa mga produktong baboy. Mula sa pagbebenta ng buhay na baboy, nagsimula siyang mag-isip pa. Paano pa niya mapapalaki ang kita? Ang sagot: processed meats.

[OP_MALE]
Naisip ko, bakit hindi ko i-process ang sarili kong baboy? Sa halip na ibenta ko lang sila ng buhay, bakit hindi ko gawing tocino, longganisa, o hamon? Nagsimula ako sa maliit na batch. Bumili ako ng mga kagamitan. Nag-aral ako ng mga recipe at tamang pag-preserve ng karne. Ang sarap sa pakiramdam na nakikita mong nagugustuhan ng mga tao ang produkto na ikaw mismo ang gumawa. Dito na nagsimulang lumaki ang kita ko. Hindi na lang ako nagbebenta ng isa o dalawang baboy sa isang linggo. Nagbebenta na ako ng kilo-kilo ng longganisa at tocino.

[NARRATOR]
Ang maliit na farm sa bakanteng lote, unti-unting lumaki. Mula sa ilang biik, naging daan-daan na ang kanyang alaga. Ang negosyong nagsimula sa P10,000 na puhunan, na galing pa sa ipon niya sa pagiging security guard, ay lumago at naging isang integrated livestock farm na may sariling meat processing plant. Hindi na siya nagbebenta ng buhay na baboy. Ang mga produkto na niya ang kinakagat ng mga tao. Mula sa mga lokal na palengke, hanggang sa mga grocery store sa siyudad.

[OP_MALE]
Nagkaroon kami ng sariling maliit na processing plant sa tabi ng farm. Dito na namin nililikha ang mga de-kalidad na tocino, longganisa, hamon, at iba pang produkto. Nag-hire na rin ako ng mga tao mula sa aming komunidad. Hindi lang kami basta nagbebenta, nagbibigay na rin kami ng trabaho. Ang dating security guard, ngayon ay may sariling kumpanya na. Ang dating pinagkakatuwaan, ngayon ay hinahangaan. Ang mga anak ko, hindi na kailangang mag-alala sa bayarin sa school. Nakapagpatayo na rin kami ng maayos na bahay.

[NARRATOR]
Mula sa pag-aalaga ng baboy sa bakanteng lote, si Mang Jose ay naging isang matagumpay na negosyante. Ang kanyang kwento ay patunay na kahit gaano pa kahirap ang iyong pinanggalingan, basta't may determinasyon, kaalaman, at tamang diskarte, maaabot mo ang iyong mga pangarap. Ang P10,000 na puhunan, na halos kalahati ng sweldo niya bilang security guard, ay naging milyon-milyong negosyo.

Ang aral dito? Huwag matakot mangarap. Huwag matakot magsimula, kahit sa pinakamaliit na paraan. Ang mga balakid na iyong nararanasan ay hindi hadlang, kundi mga pagkakataon upang matuto at lumago.

Kung nagustuhan mo ang kwento ni Mang Jose, i-share mo naman ito sa iyong mga kaibigan at mahal sa buhay. At huwag kalimutang mag-subscribe sa CEO Stories Philippines para sa mas marami pang kwentong nakaka-inspire na tulad nito. Ano ang susunod na kwento na gusto mong marinig? I-comment mo sa ibaba!","Narito ang YouTube description para sa iyong video:

Simulan ang iyong pangarap kahit sa maliit na paraan! 🐷 Mula sa pag-aalaga ng baboy sa bakanteng lote, naging isang matagumpay na negosyanteng may integrated livestock farm at meat processing plant. Pakinggan ang inspirasyong kwento ng isang tunay na CEO!

👇 MAG-COMMENT:
1. Ano ang una mong negosyo?
2. Anong livestock ang gusto mong alagaan?
3. Mayroon ka bang farm dreams?

⏱️ MGA KABANATA:
0:00 Intro: Ang Simula ng Pangarap
1:30 Mula Bakanteng Lote hanggang Livestock Farm
4:15 Ang Hamon ng Pagpapalaki ng Baboy
7:00 Pagbuo ng Meat Processing Plant
10:05 Mga Sikreto sa Tagumpay ni CEO
13:20 Payo para sa mga Nagsisimula
15:00 Outro at Inyong mga Tanong

Kung nagustuhan mo ang kwentong ito, i-like, i-share, at mag-subscribe sa CEO Stories PH para sa mas marami pang inspirasyon!

#CEOStoriesPH #NegosyoPH #Agripreneur #LivestockFarming #Baboy #SuccessStory #EntrepreneurPH #FromZeroToHero #FarmToTable #MeatProcessing #BuhayNegosyante #PinoySuccess #BusinessPH #Inspirasyon #PhilippineAgriculture #FarmingBusiness #Entrepreneurship #Kabuhayan #Diskarte #AlagangHayop","Grabe 'no? Ano'ng pinaka-inspiring sa kwento ni Sir? Share mo naman sa comments! Kung gusto mo pa ng mga ganitong kwentong tagumpay, i-like mo na 'tong video at mag-subscribe sa channel!",false,2026-09-27T09:10:54
13,Ang pinakabatang CEO sa Pilipinas na nagtayo ng kanyang empire sa edad na 25,pinoy_ceo,"Mula P1,000 Patungong Empire (25) 👑 | CEO Stories PH","[NARRATOR]
Sa edad na 25, wala siyang pambili ng pagkain. Ngayon, pinamumunuan niya ang isa sa pinakamalaking kumpanya sa Pilipinas. Hayaan ninyong ikuwento ko kung paano nagsimula ang lahat.

[OP_MALE]
Ako si Alex. Lumaki ako sa Tondo, Maynila. Ang pangarap ko lang noon ay makakain ng tatlong beses sa isang araw at makapagpatapos ng pag-aaral. Ang pamilya namin, salat sa buhay. Araw-araw, nagpupuyat si Nanay sa paglalaba para lang may pang-ulam kami. Ang tatay ko naman, tambay lang sa kanto, pero mabait naman 'yun, nagtatrabaho din paminsan-minsan bilang construction worker. Ako, noon pa man, gusto ko nang makatulong. Kaya noong high school, nag-part time job na ako. Nagdedeliver ng flyers, naglilinis ng kotse, kahit anong pagkakitaan. Ang gusto ko kasi, hindi na maulit sa akin ang hirap na dinanas namin. Gusto kong makita si Nanay na nakakapagpahinga na.

[NARRATOR]
Ang bawat Pilipino, may pangarap. Pero hindi lahat, nabibigyan ng pagkakataon. Si Alex, pinilit niyang abutin ang mga pangarap na ito. I-like at mag-comment ng 💪 kung naiintindihan mo ang pakiramdam ng pagpupursige.

[OP_MALE]
Nagtapos ako ng college na may malaking utang sa school. Ang course ko, Computer Science. Mahilig kasi ako sa computers, parang doon ko nakikita yung pag-asa. Nag-apply ako sa isang IT company sa Makati. Nakuha naman ako, pero ang sahod, sobrang liit. Sapat lang para sa pamasahe at minsan, pambili ng instant noodles.

[CHARACTER_M]
Alex, uwi ka na? Gabi na oh. Wala ka pa yatang kain.

[OP_MALE]
Oo, boss. Uuwi na. Gutom na rin ako eh. Wala pa akong sweldo eh.

[CHARACTER_M]
Hay nako, bata. Sabi ko sa'yo, magtiis ka muna eh. Konting tiis pa. Wag ka munang mag-isip ng kung anu-ano.

[OP_MALE]
Opo, boss. Sige po. Salamat po.

[CHARACTER_M]
Isang araw, nakita ko yung boss ko, si Mr. Reyes. Nakasakay sa bagong kotse. Naglalakad ako pauwi noon, nakikita ko siya sa parking lot, pinagmamayabang yung sasakyan niya. Parang ang layo ng agwat namin.

[NARRATOR]
Nakakababa ng loob, 'di ba? Pero may isang bagay na hindi ko pa nasasabi sa inyo. Si Alex, hindi siya sumusuko. At ang nangyari pagkatapos ay HINDI niya inaasahan. Manatili kayo — dahil ang susunod na mangyayari ay magpapabago sa lahat.

[OP_MALE]
Habang nagtatrabaho ako sa company, napansin ko yung mga problema sa mga software na ginagamit nila. Puro luma na, mabagal. Naalala ko yung mga naituro sa akin sa college. Sinubukan kong gumawa ng sarili kong software, isang maliit na application na pwedeng makatulong sa pagpapabilis ng kanilang sistema. Ginawa ko ito sa bahay, tuwing gabi, pagkatapos ng trabaho. Walang tulugan.

[CHARACTER_M2]
Alex, ano 'yang ginagawa mo? Para kang multo dito sa opisina natin.

[OP_MALE]
Ah, si Mang Ben. Ginagawa ko lang po 'tong software. Parang para sa data analysis. Baka makatulong po sa reporting.

[CHARACTER_M2]
Software? Ikaw lang gumawa niyan? Sige nga, ipakita mo sa akin.

[OP_MALE]
Opo, Mang Ben. Ito po. Napansin ko kasi, ang tagal ng pag-generate ng reports, kaya ginawa ko 'tong mas mabilis.

[CHARACTER_M2]
(Nanlalaki ang mga mata)
Teka lang. Ito... ito ba talaga ginawa mo? Ang bilis ah! Hindi ko akalain. Alex, may potential ka.

[NARRATOR]
Ito na ang simula. Isang maliit na hakbang na nagbukas ng malaking pinto. Pero hindi pa tapos ang laban. Ang tunay na pagsubok ay darating pa lang.

[OP_MALE]
Dahil sa ginawa kong software, napansin ako ng management. Binigyan nila ako ng mas malaking responsibilidad. Pero hindi natuwa ang dati kong boss, si Mr. Reyes. Naramdaman niya siguro na natatalo na siya. Nagsimula siyang manira sa akin sa likod. Sabi niya, wala daw akong alam, na nakikiamot lang daw ako sa iba.

[CHARACTER_M]
Alex, alam mo ba ang sabi nila tungkol sa'yo? Tsk. Kung sino ka bang bata ka. Hindi ka magtatagal dito.

[OP_MALE]
Boss, ano po bang nangyayari?

[CHARACTER_M]
Wala. Basta. Magtrabaho ka na lang. Wag kang masyadong umangat. Baka mahulog ka lang.

[OP_MALE]
Hindi ko na kinakaya. Parang gusto ko na lang sumuko. Lalo na nung isang araw. Pinatawag ako ni Mr. Reyes.

[CHARACTER_M]
Alex, umalis ka na. Hindi ka bagay dito. Wala kang future sa IT industry. Humanap ka na lang ng ibang trabaho.

[OP_MALE]
Pero, boss...

[CHARACTER_M]
Wala nang pero-pero. Umalis ka na. Dala mo na lahat ng gamit mo.

[NARRATOR]
Tinanggal siya sa trabaho. Pinatalsik. Pero ang determinasyon ni Alex, hindi madaling patayin. Ito ang kwento ng pagbangon.

[OP_MALE]
Naiyak ako. Pag-uwi ko, nakita ko si Nanay. Hindi ko masyado sinabi sa kanya. Pero ramdam niya. Sabi niya, ""Anak, okay lang yan. Ang mahalaga, sama-sama tayo."" Niyakap niya ako. Doon ko na-realize, hindi ako pwedeng sumuko. Para kay Nanay. Para sa sarili ko.

[OP]
Kinuha ko ang natitira kong pera, mga P5,000 na halos wala na rin. Bumili ako ng lumang laptop. Pinag-aralan ko pa lalo ang programming, ang digital marketing. Nagbenta ako ng mga lumang gamit namin. Kahit ano, para lang may puhunan. Nag-start ako mag-develop ng sarili kong app, isang social media platform na kakaiba.

[NARRATOR]
Alam niyo ba kung ano ang pinakamahirap? Ang magsimula ulit mula sa wala. Pero si Alex, ginawa niya ito. At ang pinakamagandang bahagi? Ang tagumpay na kanyang natamo.

[OP_MALE]
Nagbenta ako ng sarili kong website design services sa mga maliliit na negosyo. Minsan, kahit libre muna, basta makakuha lang ng experience. Unti-unti, dumadami ang kliyente. Yung kita ko, iniipon ko lahat. Gumawa ako ng maliit na team, mga kaibigan ko rin na kagaya ko, na gustong umasenso. Nagtulungan kami. Walang sweldo noong una, pero may porsyento sa kita.

[NARRATOR]
Si Alex, hindi naging CEO ng isang malaking kumpanya overnight. Pinaghirapan niya ito. Bawat pawis, bawat puyat, bawat luha — nagdala sa kanya sa kinaroroonan niya ngayon.

[OP_MALE]
Nung nagkaroon na kami ng sapat na kapital, inilunsad namin yung app na ginawa ko noon. Naging viral ito agad! Hindi namin inakala. Ang daming nag-download. Sunod-sunod ang mga investors na lumapit. Sa edad na 25, nakapagtayo ako ng sarili kong kumpanya. Hindi lang basta kumpanya, kundi isang tech company na lumalago.

[NARRATOR]
Ang kwento ni Alex, patunay na walang imposible kung may determinasyon. Mula sa pagiging mahirap, hanggang sa pagiging pinakabatang CEO sa Pilipinas sa edad na 25. Ang kanyang empire, nagsimula sa isang pangarap at sa pagtangging sumuko.

[OP_MALE]
Hindi ko pa rin makalimutan yung mga panahon na nagugutom kami. Pero ngayon, kaya ko nang ibigay ang lahat kay Nanay. Nakapagpatayo na ako ng bahay para sa kanya. Ang payo ko lang sa inyo, huwag kayong matakot mangarap. Huwag kayong matakot mabigo. Ang mahalaga, bumangon kayo.

[NARRATOR]
Gusto mo bang marinig ang higit pang mga kwentong tagumpay? I-like ang video na ito, mag-subscribe sa aming channel, at i-share ito sa iyong mga kaibigan at pamilya para sila rin ay ma-inspire. At sa comment section, ano ang pangarap mo para sa iyong buhay?","Mula P1,000 Patungong Empire! 👑 Paano naging pinakabatang CEO sa Pilipinas sa edad na 25? Sama-sama nating tuklasin ang kanyang kuwento ng pagpupunyagi at tagumpay! ✨

Sa video na ito, makikilala natin ang isang inspiradong indibidwal na nagpatunay na kaya mong abutin ang iyong mga pangarap kahit nagsimula ka sa maliit na puhunan. Panoorin at matuto mula sa kanyang mga aral at diskarte sa pagbuo ng isang matatag na negosyo.

👇 MAG-COMMENT:
1. Ano ang pinakamalaking aral na nakuha mo sa kuwentong ito? 🤔
2. Anong negosyo ang pangarap mong simulan? 🚀
3. Sino ang gusto mong makarinig ng ganitong uri ng kuwento? 🗣️

⏱️ MGA KABANATA:
0:00 - Intro: Ang Simula ng Pangarap
1:30 - Mula P1,000 Patungong Pambihirang Puhunan
4:00 - Ang Hamon ng Pagiging Pinakabatang CEO
7:15 - Mga Estratehiya sa Pagpapalago ng Empire
10:30 - Ang Sikreto sa Likod ng Tagumpay
13:00 - Mensahe Para sa mga Nagsisimula
15:00 - Outro: Ang Susunod na Yugto

Huwag kalimutang i-SUBSCRIBE ang aming channel para sa mas marami pang nakaka-inspire na kuwento! 👍 I-LIKE at i-SHARE din ang video na ito sa iyong mga kaibigan at pamilya.

#CEOStoriesPH #PinoySuccess #EntrepreneurshipPH #YoungCEO #BusinessPH #SuccessStory #Inspiration #Motivation #Negosyo #Pangarap #Tagumpay #MillionaireMindset #StartUpPH #BusinessMinded #Grit #Perseverance #FilipinoDream #Empowerment #Hustle #DreamBig",Gusto mo bang maging susunod na empire builder? I-share mo sa comments kung ano ang pinaka-inspiring sa kwentong ito! Wag kalimutang i-like at mag-subscribe para sa marami pang CEO Stories PH!,false,2026-09-27T09:11:14
14,Pinoy accountant sa New Zealand — nagtayo ng accounting firm — nag-e-employ ng kapwa Pinoy accountants,overseas_dream,"Mula Accountant Hanggang CEO: 5 Taon, ₱1M Puhunan! 💼 | CEO Stories PH","[NARRATOR]
Isang maleta lang ang dala niya pagdating sa New Zealand, at puro utang ang laman ng utak niya. Ngayong araw, siya ang nagpapatakbo ng pinakamalaking accounting firm sa bansa na tanging mga Pinoy accountant lang ang kanyang tinatanggap.

Hayaan ninyong ikuwento ko kung paano nagsimula ang lahat.

[OP_MALE]
Ako si Marlon. 28 anyos noon, Accountant dito sa Pilipinas. Pero parang wala akong kinabukasan. Kulang ang sahod, kulang ang oportunidad. May pangarap kasi ako na lumaki pa, hindi lang para sa sarili ko, kundi para sa pamilya ko sa Pinas. Mga kapatid ko, nanay ko, gusto ko silang matulungan. Kaya noong may nag-alok ng trabaho sa New Zealand, parang napalunok ako ng buong baso ng tubig. Excited, pero takot na takot.

[NARRATOR]
Ang tanging dala ni Marlon ay isang maleta na puno ng damit, at isang puso na puno ng pangarap. Pero sa pagdating niya sa Auckland, mas malaki pa pala ang utang na dala niya kaysa sa mga damit niya.

[OP_MALE]
Pagdating ko pa lang, wala na agad akong pera. Nauubos agad sa pang-araw-araw. Ang akala ko, madali lang makakuha ng trabaho dito bilang accountant. Kasi nga, accountant ako sa Pilipinas. Pero iba pala ang sistema dito. Ibang-iba ang standards, iba ang experience na hinahanap. Sa Pilipinas, 'yung experience ko, malaki na. Dito, parang nagsisimula ulit ako sa zero.

[NARRATOR]
Lumipas ang mga linggo, naging buwan. Ang bawat araw ay isang pakikipaglaban. Ang pangarap na maging matagumpay ay unti-unting nagiging bangungot. Nagsimula na siyang magduda sa kanyang desisyon.

[OP_MALE]
May mga araw na napapaisip ako, ""Bakit ko ba ginawa 'to? Sana pala sa Pilipinas na lang ako."" Ang hirap. Literal na hirap. Kumakain ako ng sobrang tipid. Yung tipong isang lata ng tuna, hatiin ko sa dalawa, tatlong kain. Yung pamasahe, binibilang ko talaga. Hindi ko rin maikwento sa pamilya ko kung gaano ako nahihirapan. Sabi ko, okay lang ako. Masaya ako dito. Ayokong mag-alala sila.

[CHARACTER_M]
Marlon, kumusta na? Nakahanap ka na ba ng trabaho? Dito sa accounting firm namin, kailangan namin ng junior accountant. Basic salary lang, pero at least may pasok ka na.

[OP_MALE]
Sir, salamat po sa offer. Pero… may hinahanap po kasi akong trabaho na aligned sa pagiging accountant ko talaga. Yung may potential na ma-develop.

[CHARACTER_M]
Marlon, realistic tayo. Dito sa New Zealand, kailangan mo ng local experience. Mahirap makakuha niyan lalo na kung galing ka sa ibang bansa. Ito na nga, tanggapin mo na. Baka pagsisihan mo pa.

[OP_MALE]
Pero Sir, nag-aral ako. Nagsumikap ako. Hindi ako nandito para maglinis lang ng opisina. Gusto ko maging accountant talaga.

[CHARACTER_M]
Marlon, kung gusto mo ng accounting, maghanap ka ng accounting firm na may Pinoy na may-ari. Sila siguro ang mas makakaintindi sa sitwasyon mo.

[OP_MALE]
Natahimik ako. Parang tinamaan ng kidlat. Tama siya. Bakit hindi ko naisip 'yun?

[NARRATOR]
Ang payo ng isang kababayan ang nagbigay ng bagong direksyon kay Marlon. Pero ang paghanap ng isang Pinoy-owned accounting firm ay hindi rin naging madali. Marami siyang nakausap na mga Pinoy, pero kakaunti lang ang may sariling kumpanya, at mas kakaunti pa ang tumatanggap ng mga bagong dating na accountant.

Manatili kayo — dahil ang susunod na nangyari ang magpapabago sa lahat.

[OP_MALE]
Pagod na pagod na ako. Sobrang nakakapagod yung araw-araw na rejection. Halos wala na akong natutulog. Tapos, may isang araw, nakausap ko yung isang dating kasamahan ko sa Pilipinas, si Maria. Dito rin siya sa New Zealand.

[CHARACTER_F]
Marlon! Ikaw ba 'yan? Kamusta ka na? Dito na rin ako sa Auckland.

[OP_MALE]
Maria! Grabe! Ikaw na ba 'yan? Ang tagal na nating hindi nagkita. Okay naman ako, medyo hirap lang makahanap ng tamang trabaho. Ikaw?

[CHARACTER_F]
Okay naman ako, Marlon. Nagtatrabaho na ako dito sa isang accounting firm. Pero gusto ko ring maging… well, parang ikaw. Gusto ko rin ng sariling firm. Kaso lang, kulang pa ako sa capital.

[OP_MALE]
Talaga? Pareho pala tayo ng iniisip. Sabi ko nga, baka pwede tayong magtulungan? Kasi ikaw, may konti ka nang experience dito. Ako naman, may sipag at tiyaga. At pareho tayong Pinoy. Alam natin ang hirap ng kapwa natin Pinoy.

[CHARACTER_F]
Hmm, sige, pag-isipan natin 'yan, Marlon. Parang maganda 'yan.

[NARRATOR]
Ang dalawang Pilipinong accountant, na parehong nakakaramdam ng hirap at pagod, ay nagsanib-pwersa. Hindi lang sila basta nagpartner para sa negosyo; nagpartner sila para sa misyon. Ang misyon na tulungan ang kapwa nila Pinoy na makahanap ng disenteng trabaho sa ibang bansa.

[OP_MALE]
Si Maria, siya yung mas malakas sa client relations. Ako naman, mas sa operations at sa pag-manage ng mga accountant. Nagsimula kami sa maliit na office space. Kulang kami sa gamit, pero puno kami ng pangarap at determinasyon. Ang unang clients namin, puro Pilipino rin. Yung mga maliliit na negosyo na hindi kayang mag-hire ng malalaking accounting firms.

[CHARACTER_F]
Marlon, may bagong client tayo. Nagtayo sila ng maliit na bakery dito. Kailangan nila ng tulong sa bookkeeping at tax filing.

[OP_MALE]
Sige, Maria. Ikaw na bahala sa kanila. Siguraduhin natin na hindi sila mapapabayaan. Ibigay natin ang best natin. I-like at mag-comment ng 💪 kung naiintindihan mo ang pakiramdam ng gustong magbigay ng best sa kapwa.

[NARRATOR]
Hindi naging madali ang simula. Nagtatrabaho sila ng lampas sa normal na oras. Minsan, kahit Sabado at Linggo, trabaho pa rin. Pero sa bawat client na natutulungan nila, lalo silang lumalakas ang loob.

[OP_MALE]
Natuwa sila sa serbisyo namin. Yung bakery, lumago. Nagbukas pa sila ng isa pang branch. Dahil doon, nagrekomenda sila ng iba pa naming mga kababayan. Unti-unti, lumaki kami. Nagsimula kami na dalawa lang kami. Tapos kumuha kami ng unang Pinoy accountant namin. Si Allan.

[CHARACTER_M2]
Salamat po, Mr. Marlon at Ms. Maria. Hindi ko inaakala na makakakuha ako ng trabaho dito na katuwang ko ang kapwa ko Pinoy. Akala ko, puro cleaning job na lang ang para sa akin.

[OP_MALE]
Walang anuman, Allan. Kami rin, pinagdaanan namin 'yan. Ang importante, magsumikap ka at magpakita ng galing.

[NARRATOR]
Ang reputasyon ng kanilang firm ay mabilis na kumalat sa komunidad ng mga Pilipino sa New Zealand. Hindi lang dahil sa mahusay sila, kundi dahil ramdam ng mga kliyente nila ang pagmamalasakit. Naging simbolo sila ng pag-asa.

[OP_MALE]
Dumating yung point na hindi na kasya yung maliit naming opisina. Nag-rent kami ng mas malaki. Mas marami na kaming empleyado, lahat mga Pinoy accountant. Yung mga dating nahihirapan makahanap ng trabaho, ngayon, may stable na sila. Nakakatuwa makita yung mga ngiti nila, yung mga pasasalamat nila.

[NARRATOR]
Ngayon, ang accounting firm na nagsimula sa utang at pangarap, ay isa na sa pinakamalaki sa New Zealand. Nag-e-employ sila ng daan-daang Pinoy accountants, at patuloy na lumalawak. Ang kwento ni Marlon at Maria ay patunay na kahit saang sulok ng mundo, ang sipag, tiyaga, at pagtutulungan ay kayang bumago ng buhay.

[OP_MALE]
Hindi ko inaakala na mangyayari 'to. Mula sa pagiging isang ordinaryong accountant sa Pilipinas na hirap sa buhay, hanggang sa pagpapatakbo ng isang kumpanyang nagbibigay ng oportunidad sa libu-libong kapwa natin Pinoy. Ang sikreto? Huwag kang susuko. At laging tumulong sa kapwa mo. Dahil kapag tinulungan mo sila, parang tinutulungan mo na rin ang sarili mo.

[NARRATOR]
Ang kwento ni Marlon ay inspirasyon sa bawat Pilipinong nangangarap. Na kahit gaano kahirap ang pinagdadaanan, walang imposible kung may determinasyon. I-share mo naman ang kwentong ito para mas marami pa tayong ma-inspire. At kung may kwento ka rin ng tagumpay, mag-comment ka sa baba. Huwag kalimutang mag-subscribe sa CEO Stories Philippines para sa iba pang mga kwentong magpapabago ng iyong pananaw.","Mula sa pagiging accountant hanggang sa pagiging CEO sa loob lamang ng 5 taon! 🚀 Paano niya nagawang paunlarin ang kanyang career at makapagbigay ng oportunidad sa kapwa Pinoy accountants? Alamin ang kanyang kwento ng tagumpay! ✨

👇 MAG-COMMENT:
1. Ano ang pinakamalaking hamon na naranasan mo sa pagbuo ng sariling negosyo?
2. Mayroon ka bang ibang kwento ng tagumpay na nais mong ibahagi?
3. Anong payo mo para sa mga Pinoy na nagnanais magsimula ng sariling accounting firm?

⏱️ MGA KABANATA:
0:00 Intro: Ang Simula ng Pangarap
1:30 Mula Accountant sa NZ Hanggang sa Pagiging Boss
4:10 Ang Puhunang ₱1M: Paano Ito Nagsimula?
6:55 Pagbuo ng Accounting Firm: Mga Unang Hakbang
9:20 Pag-e-employ ng Kapwa Pinoy Accountants: Bakit Mahalaga?
12:00 Mga Aral at Payo para sa Susunod na Henerasyon ng Entrepreneurs

Huwag kalimutang mag-SUBSCRIBE para sa mas marami pang inspiring stories! 👍 I-LIKE at i-SHARE ang video na ito sa iyong mga kaibigan at pamilya.

#CEOStoriesPH #PinoySuccess #AccountantToCEO #EntrepreneurPH #NewZealandDreams #Puhunan #BusinessPH #CareerGoals #Tagumpay #PinoyPride #InspiringStories #FinancialFreedom #SmallBusinessPH #FilipinoEntrepreneur #SuccessMindset #DreamBig #NeverGiveUp #MakingItHappen #BusinessTipsPH #GlobalPinoy","Ano ang naramdaman mo habang pinapanood ang kwento ng paglalakbay na 'to? I-share mo sa comments! Kung na-inspire ka, huwag kalimutang i-like ang video at mag-subscribe para sa mas marami pang kwento ng tagumpay!",false,2026-09-27T09:11:33
15,Nagtrabaho sa palengke simula edad 10 — nag-aral sa gabi — naging accountant — ngayon ay CFO ng malaking kumpanya,humble_beginning,Mula Palengke (10) → CFO! Sikreto ng Tagumpay 😱 | CEO Stories PH,"[NARRATOR]
Ang batang nakilala ninyo sa palengke, nagbubuhat ng gulay at isda simula edad sampu, ngayon ay hawak na ang milyon-milyong budget ng isa sa pinakamalalaking kumpanya sa bansa. Hindi ito pantasya. Ito ang kwento ni Alex.

Hayaan ninyong ikuwento ko kung paano nagsimula ang lahat.

[OP_MALE]
Ako si Alex Reyes. Ang pangalan ko nga pala. Lumaki ako sa isang maliit na bahay sa Tondo, Manila. Kung Tondo, alam niyo na. Madalas, walang laman ang ref. Ang tanging pamilyar sa akin ay ang amoy ng isda at ang ingay ng palengke. Sampung taong gulang pa lang ako noon, pero ako na ang tumutulong kay Mama sa pagtitinda. Nagbubuhat ako ng mga balikbayan box na kasing laki ko, nagtitinda ng mga sariwang gulay at isda, tapos tumatanggap ng baryo-baryo na sukli. Masakit ang likod ko, pero mas masakit ang sikmura ko kapag walang makain.

[NARRATOR]
Pero sa kabila ng hirap, may apoy sa mata si Alex. Isang pangarap na hindi kayang bilhin ng pera. Nais niyang makalaya sa kahirapan, hindi lang para sa sarili niya, kundi para sa kanyang pamilya. Isang pangarap na tila imposibleng abutin.

I-like at mag-comment ng 💪 kung naiintindihan mo ang pakiramdam ng lumaban para sa pangarap.

[OP_MALE]
Kahit pagod ako gabi-gabi, hindi ako natutulog hangga't hindi ako nakakapagbasa. Ang mga libro ko, kadalasan, hiniram ko lang o kaya naman, mga lumang libro na napulot ko sa tabi-tabi. Masakit ang mata ko sa liwanag ng gasera, pero mas masakit isipin na wala akong kinabukasan kung magpapatuloy lang ako sa palengke. Gusto kong maging accountant. Alam ko, malayo sa aking realidad, pero iyon ang nakikita kong daan palabas.

[CHARACTER_M]
Alex! Ano na naman 'yang hawak mong libro? Magbenta ka na dito! Nagugutom na ang mga tao!

[OP_MALE]
Sandali lang, Mang Ben. Tapusin ko lang 'tong chapter na 'to.

[CHARACTER_M]
Chapter-chapter ka diyan! Wala kang mapapala sa pagbabasa! Kailangan natin ng pera!

[OP_MALE]
Pero gusto ko pong matuto. Gusto ko pong magbago ang buhay namin.

[CHARACTER_M]
Magbago? Ang buhay natin ay nandito lang sa palengke! Huwag ka nang mangarap ng malayo.

[CHARACTER_F]
Hayaan mo na siya, Mang Ben. Alam naman nating bata pa 'yan pero masipag. Gusto lang nating umunlad.

[OP_MALE]
Salamat, Aling Linda.

[NARRATOR]
Alam niyo ba kung ano ang pinaka-nagtulak kay Alex para lalo pang magsikap? May isang pangyayari na halos sumira sa kanyang pangarap, isang bagay na muntik nang magpabalik sa kanya sa putikan.

[OP_MALE]
Nagtapos ako ng high school. Hindi ko na alam kung paano ako makakapag-college. Walang pera. Walang sponsor. Ang tanging nagawa ko ay maghanap ng kahit anong trabaho na makakatulong kahit paano. Nagsimula akong magtrabaho bilang utility boy sa isang maliit na accounting firm. Ang sahod, kulang na kulang. Pero doon, nakakarinig ako ng mga usapan tungkol sa libro, sa taxes, sa auditing. Doon ko nakikita ang mga accountant, ang linis ng damit, ang sigurado ang buhay.

[NARRATOR]
Manatili kayo — dahil ang susunod na mangyayari ay HINDI kapani-paniwala. Ito ang bahagi na muntik nang magpabalik sa kanya sa simula.

[OP_MALE]
Isang araw, habang naglilinis ako ng CR, narinig ko ang usapan ng mga boss ko. Narinig ko kung paano nila pinag-uusapan ang isang malaking auditing project. Bigla akong pumasok sa opisina nila.

[CHARACTER_M2]
Ano'ng kailangan mo, Alex? Dito ka lang sa labas.

[OP_MALE]
Boss, narinig ko po 'yung tungkol sa project. Gusto ko po sanang tumulong. Kahit sa pagbuhat lang ng mga dokumento. Kahit wala akong sweldo.

[CHARACTER_M2]
Tumulong ka? Ano namang maitutulong mo? Utility boy ka lang.

[CHARACTER_M2]
Pero, alam niyo po, sampung taon na po akong nagtatrabaho sa palengke. Nakakaintindi po ako ng numero. Kahit basic accounting lang, alam ko na. Pwede po akong mag-scan ng mga resibo, mag-ayos ng mga folder.

[CHARACTER_M2]
Hayaan mo na siya, Boss. Baka sakaling may maitulong nga. Ang mahalaga, gusto niyang matuto.

[CHARACTER_M2]
Sige na nga. Subukan natin. Pero huwag kang mag-expect.

[OP_MALE]
Doon nagsimula ang lahat. Binigyan nila ako ng mga trabaho na hindi inaasahan. Nag-scan ako ng libu-libong resibo, nag-ayos ng mga folders na kasing taas ng tao. Sa gabi, nagbabasa pa rin ako. Nag-aral ako ng accounting software. Bawat minutong bakante ko, ginagamit ko. Nakita nila ang sipag at tiyaga ko.

[NARRATOR]
At ang hindi nila alam, may tinatagong lakas si Alex. Isang determinasyon na hindi kayang sirain ng kahit anong pagsubok. Isang bagay na magpapabago sa lahat.

[OP_MALE]
Isang araw, may nawalang napakalaking dokumento. Halos lahat ng empleyado, kinabahan. Nabalitaan ko, malaking pera ang mawawala sa kumpanya kung hindi mahanap 'yun. Dahil halos lahat ng dokumento, dinaanan ko na, naisipan kong balikan ang mga folders na kinategorya ko. Gamit ang kaunti kong alam sa filing system, nakita ko sa isang maling folder, ang nawawalang dokumento.

[CHARACTER_M2]
Alex! Paano mo ito nahanap?

[OP_MALE]
Kasi po, boss, inayos ko lahat ng files. Nakita ko po na parang hindi siya dapat nandiyan.

[CHARACTER_M2]
Hindi ko akalain. Salamat, Alex. Dahil sa iyo, nailigtas natin ang kumpanya sa malaking problema. Mula ngayon, ikaw na ang magiging assistant ko sa auditing. At gagawa tayo ng paraan para makapag-aral ka ng accounting.

[NARRATOR]
At ang nangyari pagkatapos ay hindi ko na kailangang ikuwento pa. Si Alex, dahil sa walang humpay na sipag, sa determinasyon, at sa hindi pagbibigay-daan sa kahirapan, ay hindi lang naging accountant. Nagpursige pa siya. Nagtapos ng kolehiyo, kumuha ng board exam, at unti-unting umakyat sa hagdan ng tagumpay.

[OP_MALE]
Hindi naging madali ang lahat. Maraming beses akong muntik sumuko. Maraming gabi akong umiiyak sa pagod at gutom. Pero tuwing nakikita ko ang pangarap ko, bumabalik ang lakas ko. Ngayon, bilang CFO ng isang kumpanya, tinitiyak ko na ang bawat empleyado ko ay may pagkakataon na umunlad, tulad ko. Ang bawat isa sa atin ay may kakayahang magtagumpay. Kailangan lang natin ng tamang determinasyon at walang sawang pagsisikap. Ang pinakamahalaga, huwag tayong matakot mangarap, at huwag tayong susuko.

[NARRATOR]
Ang kwento ni Alex Reyes ay patunay na hindi hadlang ang kahirapan para makamit ang mga pangarap. Kung nagustuhan mo ang kwentong ito, i-share mo naman sa iyong mga kaibigan at pamilya. At kung nais mo pang makarinig ng mga inspiring stories ng mga Pinoy na nagtagumpay, mag-subscribe ka na sa aming channel. I-click mo na rin ang notification bell para updated ka sa mga bagong uploads namin. Ano pa ang kwento na gusto mong marinig? I-comment mo sa ibaba!","Mula sa init ng palengke hanggang sa malamig na opisina ng CFO! 😱 Paano niya naabot ang tuktok? Sama-sama nating tuklasin ang inspirasyong kuwento ng isang CEO!

Sa video na ito, makikilala natin ang isang tao na nagsimula sa pagtitinda sa palengke simula edad 10. Sa kabila ng hirap, hindi siya sumuko. Nag-aral sa gabi, naging accountant, at ngayon ay pinuno na ng pananalapi ng isang malaking kumpanya! Ito ay isang patunay na ang sipag, tiyaga, at determinasyon ay may malaking bunga.

👇 MAG-COMMENT:
1. Ano ang pinaka-inspirasyon mong natutunan sa kuwento niya? 🤔
2. Ano ang susunod na pangarap mong abutin? ✨
3. Anong tip mo para sa mga nagsisimula pa lang sa kanilang career journey? 🚀

⏱️ MGA KABANATA:
0:00 - Panimula: Ang Simula sa Palengke
1:30 - Ang Pangarap Habang Nagtatrabaho
3:45 - Ang Landas Patungong Accounting
6:10 - Pagsabak sa Corporate World
8:55 - Ang Pagiging CFO: Mga Hamon at Tagumpay
11:20 - Payo para sa Kinabukasan

Kung nagustuhan mo ang kuwentong ito, huwag kalimutang mag-LIKE, mag-SUBSCRIBE, at i-SHARE sa iyong mga kaibigan!

#CEOStoriesPH #SuccessStory #Inspiration #PalengkeToCFO #Tagumpay #Motivation #CareerGoals #Entrepreneurship #FilipinoPride #NeverGiveUp #DreamBig #HardWorkPaysOff #BusinessMindset #FinancialLiteracy #Leadership #InspiringFilipino #Grit #Resilience #PhilippineSuccess #FromHumbleBeginnings",Gusto mo rin bang marating ang pangarap mo kahit galing ka sa simple? Ano ang pinaka-importanteng aral na nakuha mo mula sa kwento ng ating CEO? I-share mo na sa comments! Huwag kalimutang mag-subscribe at i-like ang video para sa marami pang inspiring stories!,false,2026-09-27T09:11:52
16,Nilait ng kamag-anak dahil sa pagiging 'tinder lang' — nagtayo ng retail empire na may 100 branches,ceo_revenge,"Nilait ""Tinder lang"" — 100 branches ang naitayo! 😱 | CEO Stories PH","[NARRATOR]
Isang kamag-anak ang tumingin sa kanya, tumawa, at sinabing, ""Tinder ka lang, wala kang mapapala."" Ngayon, ang babaeng ito ay nagmamay-ari ng isang retail empire na may 100 branches sa buong Pilipinas. Hayaan ninyong ikuwento ko kung paano nagsimula ang lahat.

[OP]
Ako si Maria, 22 years old noon, nagtatrabaho sa isang maliit na boutique sa Divisoria. Ang sahod ko, sapat lang para makatulong sa pambayad ng kuryente at tubig namin sa bahay sa Tondo. Ang pangarap ko noon? Magsimula ng sarili kong tindahan, kahit maliit lang, kung saan ako ang masusunod. Pero paano? Kulang na kulang talaga sa buhay.

[NARRATOR]
Alam mo yung pakiramdam na parang wala nang pag-asa? Yung pinapangarap mo na lang, malayo pa sa nararating mo? I-like at mag-comment ng 💪 kung naiintindihan mo ang pakiramdam.

[OP]
Isang araw, may fiesta sa barangay namin. Nandoon ang mga kamag-anak ko. Kasama ko ang pinsan kong si Anna. Nagkukuwentuhan kami tungkol sa mga pangarap. Sabi ko, gusto ko talagang magtayo ng sarili kong shop. Narinig pala ni Tita Lourdes. Lumapit siya, nakasimangot. Sabi niya, ""Maria, ano ka ba naman? Ang buhay mo, parang tinder lang. Puro ka lang pangarap. Wala ka namang pera, wala kang koneksyon. Saan ka kukuha ng puhunan? Magtigil ka na nga.""

[CHARACTER_F]
(Tita Lourdes) Maria, anak, wag kang magsalita ng ganyan. Alam mo naman, tinder ka lang. Puro ka lang pangarap. Wala ka namang pera, wala kang koneksyon. Magtigil ka na nga. Mas mabuti pang maghanap ka na lang ng matinong trabaho.

[OP]
Napayuko ako. Si Anna, hinawakan ang kamay ko. Tumingin siya sa akin.

[CHARACTER_F]
(Anna) Kaya mo 'yan, Maria. Huwag mo silang pansinin.

[NARRATOR]
Napuno ng hiya at galit si Maria. Pero hindi niya hinayaang sirain ng mga salita ni Tita Lourdes ang kanyang pangarap. Sa halip, ito pa ang naging gatong. Ngunit may isang bagay na hindi ko pa nasasabi sa inyo—ang pinakamasakit na bahagi ng kanyang kwento.

[OP]
Pag-uwi ko noon, umiiyak ako. Hindi dahil sa sinabi ni Tita Lourdes, kundi dahil naisip ko, totoo nga naman. Kulang na kulang ako. Isang araw, nagkasakit si Mama. Kailangan ng gamot. Nakita ko ang mga lumang gamit namin na pwede kong ibenta. Nagsimula ako sa maliit. Nagbenta ako ng mga lumang damit, mga libro. Nakalikom ako ng mga P5,000. Doon ko naisip, kaya ko 'to.

[NARRATOR]
Mula sa pagbebenta ng lumang gamit, nagsimula ang pagbangon. Pero ang susunod na hakbang ay ang pinaka-mapanganib.

[OP]
Dinala ko ang P5,000 sa isang palengke sa Quiapo. Bumili ako ng mga murang tela, mga accessories. Nagtayo ako ng isang maliit na stall. Mula umaga hanggang gabi, nandoon ako. Nagsimula akong magtahi ng sarili kong mga disenyo. Mga damit na hindi masyadong mahal pero maganda. Hindi ko alam kung bakit, pero ang mga tao, bumibili.

[CHARACTER_M]
(Customer sa Palengke) Miss, ang ganda naman nitong damit mo. Magkano?

[OP]
P350 lang po, sir. Tela ko po 'to, ako ang nagtahi.

[CHARACTER_M]
(Customer sa Palengke) Wow, mura na, maganda pa! Sige, kukunin ko 'to. May iba ka pa bang disenyo?

[OP]
Opo, sir. Ito pa po, P400 lang.

[CHARACTER_M]
(Customer sa Palengke) Sige, dalawa na! Ang galing mo!

[NARRATOR]
Ang dating nilait ay nagsisimula nang makilala. Ang pangarap na itinuring na ""tinder lang"" ay unti-unting nagkakaroon ng hugis. Pero ang tunay na pagsubok ay darating pa lang.

[OP]
Lumago ang benta ko. Nagkaroon ako ng pera para upahan ang isang maliit na pwesto sa isang department store. Nandoon na ako, sarili kong maliit na tindahan. Tuwang-tuwa ako. Pero isang araw, habang nagbebenta ako, may dumating na babae. Sinabi niya, taga-main office daw siya. Kailangan ko daw bayaran ang atraso ko sa renta.

[CHARACTER_F2]
(Mall Representative) Ms. Maria, may atraso po kayo sa renta ng tatlong buwan. Kailangan niyo pong bayaran agad, kung hindi, isasara na po namin ang pwesto niyo.

[OP]
Napa-panic ako. Wala akong pera. Nakalimutan ko pala. Dahil masaya ako sa paglago ko, nakalimutan kong magbayad ng renta. Umiyak ako sa pwesto ko. Walang-wala akong magawa. Akala ko, doon na matatapos ang lahat.

[NARRATOR]
Dumating ang puntong halos sumuko na si Maria. Akala niya, tapos na ang lahat. Pero ang isang bagay na hindi niya inaasahan ang siyang magliligtas sa kanya.

[OP]
Isang araw, nagkataon na napadaan si Anna sa department store. Nakita niya akong umiiyak. Kinuwento ko sa kanya. Sabi niya, ""Huwag kang susuko, Maria. Tutulungan kita."" Hindi ko alam kung saan niya nakuha, pero binigay niya ang pera na pambayad sa renta. Sabi niya, ""Utang ko 'to sa iyo, para sa mga dati mong pagtulong sa akin.""

[CHARACTER_F]
(Anna) Maria, huwag kang susuko. Tutulungan kita. Utang ko 'to sa iyo.

[OP]
Niyakap ko siya. Doon ko naisip, hindi pala ako nag-iisa. Marami pa rin palang nagmamalasakit. At hindi pwedeng pabayaan ko ang tiwala ni Anna. Binawi ko ang aking determinasyon. Mula noon, mas naging masipag ako. Nagbenta ako ng mga damit na aking tinahi, pero nagdagdag ako ng mga bag, mga sapatos na galing din sa iba. Ginawa kong isang ""one-stop shop"" ang tindahan ko.

[NARRATOR]
Ang dating maliit na stall ay naging isang sikat na tindahan. Mula sa isang pwesto, naging dalawa, tatlo, hanggang sa hindi na mabilang. Ang ""tinder lang"" ay naging isang CEO.

[OP]
Doon na nagsimula ang pagkalat ng mga branches ko. Hindi na lang sa isang department store, kundi sariling mga tindahan na. Sumunod ay ang online selling. Lumago kami nang lumago. Ngayon, mayroon na kaming halos 100 branches sa buong Pilipinas. Mula sa isang maliit na pangarap sa Tondo, naging isang malaking retail empire.

[NARRATOR]
Ang kwento ni Maria ay patunay na ang mga salitang nagpapababa sa atin ay siya ring pwedeng maging inspirasyon. Ang pagiging ""tinder lang"" ay hindi hadlang para maabot ang mga pangarap. Ang mahalaga ay ang determinasyon, sipag, at ang hindi pagsuko kahit kailan. I-share ang kwentong ito sa mga taong kailangan ng inspirasyon. Mag-subscribe para sa marami pang kwentong tagumpay. At sa comment section, sabihin niyo, anong pangarap ang gusto niyong maabot?","Nilait na ""tinder lang"" pero ngayon, 100 branches na ang naitayo! 🤯 Paano nga ba niya ito nagawa?

Sa video na ito, makikilala natin ang isang tunay na inspirasyon — isang negosyante na hindi pinansin ang mga pangungutya at sa halip ay ginamit itong gasolina para sa kanyang tagumpay. Mula sa pagiging minamaliit, siya ay nagtayo ng isang retail empire na may hindi bababa sa 100 branches! Ito ang kwento ng tibay ng loob, determinasyon, at hindi matitinag na pangarap.

👇 MAG-COMMENT:
1. Ano ang pinakamalaking hamon na nalampasan mo para sa iyong pangarap?
2. Anong payo mo para sa mga nagsisimula pa lang sa negosyo?
3. Anong ibang kwento ng tagumpay ang gusto mong makita dito sa CEO Stories PH?

⏱️ MGA KABANATA:
0:00 - Ang Simula: Pangungutya at Pangarap
1:15 - Ang Mahirap na Pagpupunyagi
3:30 - Pagbuo ng Retail Empire
5:45 - Ang Sikreto sa 100 Branches
7:50 - Mga Aral mula sa Tagumpay
9:30 - Mensahe para sa mga Manonood

Huwag kalimutang mag-SUBSCRIBE, mag-LIKE, at mag-SHARE ng video na ito para mas marami pa tayong ma-inspire!

#CEOStoriesPH #Negosyo #Tagumpay #Inspirasyon #Pangarap #Bisnes #Retail #Empire #Entrepreneurship #SuccessStory #Mindset #Motivation #Grit #NeverGiveUp #BusinessPH #PinoyEntrepreneur #Hustle #Achieve #InspirePH","Narinig mo ba 'yan? ""Tinder lang""? Kwentong 'yan ang nagpatayo ng 100 branches! Anong kwento mo naman na nagpapatunay na kayang lampasan ang mga lait? I-share mo na 'yan sa comments, at kung inspired ka, i-like at subscribe na rin para sa mas marami pang kwentong ganito!",false,2026-09-27T09:12:09
17,Mula sa pagnanahi ng damit para sa kapitbahay — ngayon ay may tailoring shop at nag-e-export ng uniforms,small_business,"Mula Pambahay Langit, Ngayon CEO! 😱 | CEO Stories PH","[NARRATOR]
Nang makita niya ang sarili niyang mga gawa sa mga tao sa ibang bansa, napaluha siya. Dahil ang mga damit na ito, hindi lang basta tela—ito ang pangarap niyang pilit niyang tinahi mula sa kawalan.

Hayaan ninyong ikuwento ko kung paano nagsimula ang lahat.

[OP]
Ako si Aling Nena, 48 years old, at taga-Malabon. Sa buhay ko, ang pinakamalaking kayamanan ko ay ang aking mga anak. Pero ang pinakamalaking unos ko? Siguro, ang kawalan ng sapat na pera para sa kanilang pangangailangan.

Nagtatrabaho ako noon bilang isang seamstress sa isang maliit na garment factory. Maliit lang ang sahod, pero sa panahong iyon, iyon na ang tanging paraan para may ihain kami sa hapag-kainan. Ang problema, minsan, kulang pa rin.

[NARRATOR]
Naisip ni Aling Nena, paano kaya kung makagawa siya ng sarili niyang negosyo? Paano kung ang sipag at galing niya sa pananahi ay hindi lang para sa iba, kundi para sa sarili niyang pamilya?

I-like at mag-comment ng 💪 kung naiintindihan mo ang pakiramdam ng gustong umangat para sa mga mahal sa buhay.

[OP]
Nagsimula ako sa bahay lang. Ang makina ko, pangalawang kamay, regalo ng tita ko noong kasal ko. Dito ako tumatambay, tahi dito, tahi doon. Minsan, tinatahi ko ang mga damit ng mga kapitbahay namin. Maliit na bayad lang, pero malaking tulong na sa amin.

Noong una, hirap talaga. Walang puhunan, halos wala rin akong kaibigan na malalapitan para sa tulong. Ang mga anak ko, minsan, nakikita kong nagtitipid din. Doon ko mas lalong naramdaman ang bigat ng responsibilidad.

[CHARACTER_M]
Nena, sigurado ka ba diyan? Ang hirap ng buhay ngayon. Baka masira mo lang ang konti nating pera diyan sa pagbubukas ng shop.

[OP]
Alam ko, Mario. Pero hindi ko na kaya na ganito tayo. Gusto ko nang makapagbigay ng mas magandang buhay sa mga bata. Kahit malayo pa, gusto kong subukan.

[CHARACTER_M]
Paano 'yan? Saan ka kukuha ng pera para sa tela, makina, renta?

[OP]
Sisikapin ko. Uutang muna ako, konti-konti. Magbebenta ako ng mga gamit na hindi na kailangan sa bahay. Ang mahalaga, may gagawin ako.

[CHARACTER_M]
Bahala ka. Basta 'wag mo lang pababayaan ang mga bata.

[NARRATOR]
Maraming nagsabi kay Aling Nena na imposible ang pangarap niya. Pero ang determinasyon niyang magbigay ng mas magandang buhay sa kanyang mga anak ay mas malakas pa sa anumang pagdududa.

Manatili kayo — dahil ang susunod na pagsubok na haharapin niya ay HINDI kapani-paniwala.

[OP]
Nagsimula ako sa maliit na stall lang sa palengke. Humiram ako ng puhunan sa isang kakilala, pero medyo mataas ang interes. Ang mga tela, binibili ko na lang sa mga supplier na mura, kahit hindi gaanong maganda ang kalidad.

Ang unang mga kliyente ko, mga kapitbahay pa rin at mga kaibigan ng mga kapitbahay. Nagtatahi ako ng mga simpleng damit: palda, blouse, pantalon. Minsan, may nagpapagawa ng uniporme para sa eskwelahan. Doon ko napansin, mas marami ang nagpapagawa ng uniporme kaysa sa ordinaryong damit.

[NARRATOR]
Napansin ni Aling Nena ang isang pagkakataon. Ang pangangailangan para sa uniporme ay palaging nandyan, lalo na sa mga eskwelahan. Pero paano niya gagawin iyon sa laki ng kumpetisyon?

[OP]
Habang tumatagal, unti-unti na akong lumalaki. Nakapag-ipon ako para makabili ng mas magandang makina. Nagsimula akong kumuha ng mga order para sa uniporme ng mga eskwelahan. Ang problema, kailangan ko ng mas maraming manggagawa, at kailangan ko ng mas malaking lugar.

[CHARACTER_F2]
Aling Nena, nabalitaan ko nagbubukas ka raw ng sariling shop? Ang laki naman niyan!

[OP]
Oo, Maria. Medyo malaki ang utang ko, pero sana, worth it. Ang mga bata, kailangan ko nang masuportahan nang husto.

[CHARACTER_F2]
Kailangan mo ba ng taga-gupit o taga-tahi? Alam mo naman, wala akong ginagawa sa bahay.

[OP]
Talaga? Naku, salamat! Sige, samahan mo ako. Kailangan ko talaga ng tulong.

[NARRATOR]
Sa tulong ng mga kaibigan at pamilya, unti-unting nabuo ang ""Nena's Tailoring Shop."" Hindi lang simpleng tahi-tahi ang ginagawa niya, kundi pagbuo ng mga uniporme—mula sa mga paaralan sa kanilang lugar, hanggang sa mga malalaking kumpanya na nangangailangan ng corporate uniforms.

[OP]
Doon ko nakita ang malaking pagbabago. Nagsimula akong makipag-negotiate sa mga paaralan. Hindi na lang ako simpleng taga-tahi. Naging supplier na ako. Ang mga materyales, binibili ko na nang maramihan. Naghanap ako ng mga kasamahan na kasing sipag ko rin.

Pero, dumating ang panahon na parang bumagsak lahat.

[NARRATOR]
Isang malaking order ang dumating mula sa isang kilalang pribadong paaralan. Ito na ang pinakamalaki nilang proyekto. Ngunit sa kasagsagan ng trabaho, isang problema ang sumulpot—isang malaking problema na muntik nang magpabagsak sa negosyo ni Aling Nena.

[OP]
Yung supplier namin ng tela, biglang nagtaas ng presyo. Wala kaming nagawa. Napilitan kaming tanggapin, kahit alam naming mababawasan ang kita namin. Tapos, habang nagma-mantsa ang mga uniporme, may nakita akong mali sa pattern. Isang malaking pagkakamali na hindi na pwedeng itama nang hindi masisira ang mga natapos na.

[CHARACTER_M2]
Aling Nena, ano na gagawin natin? Paano natin ito maitatama? Ang laki pa naman ng order na ito!

[OP]
Hindi ko alam, Juan. Hindi ko alam. Halos gusto ko nang sumuko noon. Nakita ko ang pawis at pagod ng mga kasamahan ko, at hindi ko sila kayang biguin.

[NARRATOR]
Sa gitna ng krisis, hindi sumuko si Aling Nena. Ginamit niya ang kanyang sipag, tiyaga, at ang kanyang malaking puso para harapin ang problema.

[OP]
Nagdesisyon ako. Kahit malaki ang mawawala sa amin, kailangan naming gawin ulit ang mga uniporme. Ang mga kasamahan ko, nagtulungan kami. Nagpuyat kami nang ilang gabi. Binigyan ko sila ng dagdag na bayad. Kailangan naming maibigay ang pinakamagandang kalidad.

[NARRATOR]
At dahil sa determinasyon at pagtutulungan, nagtagumpay sila. Hindi lang nila natapos ang order, kundi napatunayan nila na ang kalidad at serbisyo ay mas mahalaga kaysa sa tubo.

[OP]
Sa sobrang tuwa namin, hindi namin alam ang gagawin. Ang mga uniporme, nakuha nila sa tamang oras. Napakaganda ng naging feedback. Dahil doon, nagkaroon kami ng mas malaking tiwala mula sa mga kliyente.

[NARRATOR]
Mula sa simpleng pananahi sa bahay, lumago ang ""Nena's Tailoring Shop"" nang husto. Hindi lang sila nagsu-supply sa mga paaralan sa Pilipinas, kundi nagsimula na rin silang mag-export ng mga uniporme sa ibang bansa.

[OP]
Naisip ko, bakit hindi natin subukan sa abroad? Nag-research ako ng mga kumpanya na naghahanap ng supplier ng uniporme sa ibang bansa. Nagpadala ako ng mga sample. Hindi ko akalain na may sasagot.

[NARRATOR]
Ang mga damit na dati ay tinatahi lamang para sa kapitbahay, ngayon ay nadadala na sa mga tao sa iba't ibang panig ng mundo. Ang pangarap ni Aling Nena na umangat para sa kanyang pamilya ay hindi lang natupad, kundi lumampas pa sa kanyang inaasahan.

[OP]
Ngayon, may sarili na kaming malaking workshop. Marami na kaming natutulungang tao na magkaroon ng trabaho. Nakakapag-aral na nang maayos ang mga anak ko. Ang pinakamaganda, napapatunayan ko sa kanila na kung gugustuhin mo, at gagawin mo ang lahat ng makakaya mo, walang imposible.

[NARRATOR]
Ang kwento ni Aling Nena ay patunay na ang sipag, tiyaga, at pananampalataya ay kayang bumago ng buhay. Mula sa isang simpleng seamstress, siya ay naging isang matagumpay na negosyante na nagbibigay inspirasyon sa marami.

Kung nagustuhan mo ang kwentong ito, i-share mo naman sa iyong mga kaibigan na nangangailangan ng inspirasyon. At huwag kalimutang mag-subscribe sa CEO Stories Philippines para sa mas marami pang kwento ng tagumpay! I-comment mo rin sa ibaba kung sino pa ang gusto mong makita nating magkwento dito.","Mula sa simpleng pagnanahi para sa kapitbahay hanggang sa pagiging isang matagumpay na CEO! 🤩 Paano niya ito nagawa? Panoorin ang kanyang inspiradong kwento! ✨

Sa video na ito, makikilala natin si [Pangalan ng CEO - ilagay dito kung alam mo, kung hindi, pwede itong tanggalin o palitan ng ""isang babae""], isang babaeng nagpatunay na walang imposible kapag may sipag at tiyaga! Mula sa paggamit ng makinilya sa kanilang tahanan, ngayon ay may sarili nang tailoring shop at nag-e-export pa ng mga uniforms sa iba't ibang lugar! 🌍 Isang kwentong tunay na magpapalipad sa iyong pangarap!

👇 MAG-COMMENT:
1. Ano ang pinaka-inspiradong bahagi ng kwento niya para sa iyo?
2. Anong negosyo ang pangarap mong simulan?
3. Anong tips ang natutunan mo para sa iyong sariling pagnenegosyo?

⏱️ MGA KABANATA
0:00 - Panimula: Ang Simula ng Pangarap
1:30 - Mula Bahay Langit: Ang Unang Hakbang
3:45 - Pagsabak sa Negosyo: Ang Hamon at Tagumpay
6:10 - Pag-export ng Uniporme: Ang Malaking Pagbabago
8:30 - Mga Aral sa Tagumpay: Sikreto ng CEO
10:00 - Mensahe ng Pag-asa at Inspirasyon

Kung nagustuhan mo ang kwento niya, huwag kalimutang mag-LIKE, mag-SUBSCRIBE para sa mas marami pang inspiradong CEO stories, at i-SHARE ito sa iyong mga kaibigan!

#CEOSuccess #NegosyoPH #InspiringStories #Pagnenegosyo #Tagumpay #SuccessStory #Entrepreneurship #FromScratch #MadeInPH #BusinessPH #WomenInBusiness #DreamBig #MotivationPH #GritAndGrind #GlobalExport #TailoringBusiness #PinoyPride #SuccessMindset #HustlePH #BuhayNegosyante","Nakaka-inspire, di ba? Ano ang pinaka-patok na aral na nakuha mo sa kwento ng ating CEO? I-share mo naman sa comments! Huwag kalimutang i-like ang video at mag-subscribe para sa mas marami pang kwentong tagumpay!",false,2026-09-27T09:12:29
18,"Isang social enterprise na tumutulong sa mga magsasaka — nagsimula sa P5,000 — ngayon ay may multi-million impact fund",startup_story,"₱5,000 hanggang Multi-Million! Paano Tinulungan ng Social Ent. ang Magsasaka? 📈 | CEO Stories PH","[NARRATOR]
Sa isang sulok ng Pilipinas, may isang lalaking ipinanganak sa isang pamilyang walang wala. Ang tanging kaya niyang gawin ay magtanim sa lupang hindi niya pag-aari. Ngunit ang lupang iyon, at ang pawis niya, ay magiging susi sa isang multi-milyong negosyong magbabago sa buhay ng libu-libong magsasaka.

Hayaan ninyong ikuwento ko kung paano nagsimula ang lahat.

[OP_MALE]
Ako si Jose, at lumaki ako sa isang maliit na probinsya sa Batangas. Ang pamilya ko ay mga magsasaka. Araw-araw, nakikita ko ang hirap nila. Mula pagkabata, kasama ko na ang arawan sa bukid. Ang amoy ng lupa, ang init ng araw — iyan ang mundo ko. Ang pangarap ko noon? Kahit papaano, makatulong sa kanila. Pero paano, kung wala naman kaming sariling lupa, at ang kita sa palay ay halos hindi sapat para sa pang-araw-araw?

[NARRATOR]
Pero si Jose, hindi tulad ng iba. Sa kabila ng kahirapan, may kakaiba siyang pangarap. Hindi lang para sa sarili niya, kundi para sa mga katulad niyang magsasaka. Isang pangarap na tila imposible noon.

I-like at mag-comment ng 💪 kung naiintindihan mo ang pakiramdam ng gustong makatulong pero hindi alam saan magsisimula.

[OP_MALE]
Nagtapos ako ng kolehiyo, kursong Agribusiness. Habang nag-aaral, mas lalo kong nakita ang mga problema ng mga magsasaka. Ang mababang presyo ng ani, ang hirap makakuha ng puhunan, ang kawalan ng kaalaman sa modernong pamamaraan. Maraming beses, naisip ko, bakit hindi natin masolusyunan ito?

[CHARACTER_M]
Jose, ano ba 'yang pinagkakaabalahan mo? Magsasaka ka, hindi ka politiko. Wala kang magagawa diyan.

[OP_MALE]
Pero Mang Temyo, kung hindi tayo kikilos, sino pa?

[CHARACTER_M]
Hayaan mo na 'yan. Kumita ka na lang ng pera para sa sarili mo.

[OP_MALE]
Hindi ko kaya, Mang Temyo. Nakikita ko ang paghihirap nila araw-araw.

[CHARACTER_F]
Jose, alam kong malaki ang puso mo para sa mga magsasaka, pero mag-ingat ka. Maraming gustong kumita lang sa kanila.

[OP_MALE]
Yan nga ang gusto kong baguhin, Aling Nena. Gusto kong magkaroon sila ng tamang suporta.

[NARRATOR]
Malakas ang loob ni Jose. Kahit walang suporta, kahit walang kasiguraduhan, nagsimula siya sa maliit na halaga. Limang libong piso lang. Ang pondong ito, na galing sa pinag-ipunan niya at sa kaunting tulong ng pamilya, ay hindi para sa sarili niyang kapakanan. Ito ang simula ng kanyang malaking pangarap.

Manatili kayo — dahil ang susunod na mangyayari ay HINDI kapani-paniwala. Paano niya nagawang palaguin ang P5,000 na iyon para makatulong sa libu-libong buhay?

[OP_MALE]
Nagsimula ako sa isang maliit na grupo. Kaming mga magsasaka na gustong magtulungan. Ang P5,000 ay ginamit ko para bumili ng mga binhi at pataba na mas maganda ang kalidad kaysa sa karaniwang ginagamit nila. Ipinaliwanag ko sa kanila ang mga bagong paraan ng pagtatanim, ang paggamit ng teknolohiya. Sabi ko, kung magtutulungan tayo, mas malaki ang makukuha nating presyo sa mga palengke.

Sa una, mahirap. Marami ang nagduda. Takot silang sumubok ng bago.

[CHARACTER_M2]
Bakit kami maniniwala sa iyo, Jose? Kami ang matagal nang magsasaka dito, ikaw ang nagtuturo sa amin?

[OP_MALE]
Mang Cardo, hindi po ako nagtuturo. Nagbabahagi lang ako ng mga natutunan ko. Kung magkakasama tayo, ang bawat ani natin, hindi na mapupunta lang sa iilang middlemen. Diretso na sa mga malalaking hotel at restaurant.

[CHARACTER_F2]
Pero paano namin iyon gagawin? Wala kaming sasakyan. Wala kaming koneksyon.

[OP_MALE]
Doon po papasok ang sama-sama nating lakas. Ako na ang bahala sa pag-aayos ng mga papeles, sa pakikipag-usap sa mga buyers. Kayong mga magsasaka, tutok lang sa pagpapaganda ng inyong ani.

[NARRATOR]
May mga pagkakataon na halos sumuko na si Jose. May mga ani na nasira dahil sa bagyo. May mga buyer na hindi tumupad sa usapan. Sa mga panahong iyon, parang gusto na niya ring sumuko.

Ngunit may isang bagay na hindi ko pa nasasabi sa inyo... ang pinakamalaking pagsubok na kailangan niyang harapin.

[OP_MALE]
May isang biglaang pagbabago sa merkado. Ang presyo ng mga gulay na inaani namin ay biglang bumagsak. Parang walang bibili. Ang mga buyers na kausap ko, biglang naglaho. Parang sinadya. Parang may gustong pumigil sa amin.

[CHARACTER_M]
Sabi ko na nga ba, Jose. Hindi uubra 'yan. Bumalik ka na lang sa pagiging ordinaryong magsasaka.

[OP_MALE]
Hindi, Mang Temyo. Hindi pa tapos.

[NARRATOR]
Sa kabila ng pagbagsak, may umusbong na mas malakas na determinasyon kay Jose. Hindi niya hahayaang masira ang pinaghirapan niya at ng kanyang mga kasamahan. Ang pagsubok na ito ang nagtulak sa kanya para isipin ang mas malaking solusyon.

[OP_MALE]
Doon ko na naisip. Kailangan nating lumikha ng sarili nating sistema. Hindi tayo pwede laging umasa sa iba. Naisip ko ang social enterprise. Hindi lang basta negosyo, kundi negosyong may layuning tumulong.

Pinag-aralan ko ang mga batas. Naghanap ako ng mga taong tutulong sa akin. Muli, nagsimula ulit ako sa wala, pero sa pagkakataong ito, mayroon na akong mas malinaw na plano. Ang P5,000 na iyon, nagamit ko para mag-research, mag-attend ng mga seminar, at unti-unting makabuo ng isang samahan na hindi lang puro kita ang iniisip.

[NARRATOR]
At doon nga, nagsimulang umangat ang kanilang samahan. Ang maliit na P5,000, sa sipag, tiyaga, at tamang direksyon, ay nagbunga ng higit pa sa inaasahan.

[OP_MALE]
Ngayon, ang aming social enterprise ay tumutulong sa daan-daang magsasaka sa iba't ibang probinsya. Nakakakuha sila ng mas magandang presyo para sa kanilang ani, may access sila sa mga training, at may kasiguraduhan sa kanilang kinabukasan. Ang P5,000 ay naging simula ng isang multi-million impact fund na patuloy na nagpapalago sa sektor ng agrikultura. Hindi lang pera ang tubo namin, kundi ang saya at pagbabago sa buhay ng mga magsasaka.

[NARRATOR]
Ang kwento ni Jose ay patunay na kahit gaano kaliit ang simula, kung may malaking pangarap at determinasyon, walang imposible. Ang limang libong piso ay naging sandata para sa pagbabago.

Ang aral dito? Huwag maliitin ang kakayahan mong magsimula, gaano man kaliit iyan. Ang bawat hakbang, gaano man kaunti, ay pag-usad patungo sa iyong pangarap.

Kung nagustuhan mo ang kwentong ito, i-share mo naman sa mga kaibigan mo na nangangailangan ng inspirasyon. At huwag kalimutang mag-subscribe sa CEO Stories Philippines para sa marami pang kwento ng tagumpay mula sa ating mga kababayan. Ano sa tingin mo ang susunod na hakbang para sa agrikultura sa Pilipinas? I-comment mo sa ibaba!","Narito ang YouTube description para sa iyong video:

Mula sa P5,000 na puhunan, ngayon ay may multi-million impact fund na tumutulong sa ating mga magsasaka! 🚀 Paano ito naging posible? Alamin ang inspirasyonal na kwento ng isang social enterprise na nagpabago sa buhay ng marami. ✨

👇 MAG-COMMENT:
1. Anong bahagi ng kwento ang pinaka-nagbigay sa iyo ng inspirasyon?
2. Ano ang iyong mga ideya para makatulong sa ating mga magsasaka?
3. Gusto mo pa bang makarinig ng mga kwentong tagumpay ng mga social enterprise?

⏱️ MGA KABANATA:
0:00 Intro: Ang Pangarap na Nagsimula sa Maliit
1:30 Ang Simula: P5,000 at ang Malaking Hangarin
3:45 Mga Hamon at Paano Ito Nalagpasan
6:10 Ang Epekto: Pagbabago sa Buhay ng mga Magsasaka
9:05 Ang Impact Fund: Pagpapalawak ng Tulong
12:00 Mga Aral at Payo para sa mga Nais Magsimula

Kung nagustuhan mo ang video na ito, please LIKE, SHARE, at SUBSCRIBE sa CEO Stories PH para sa mas marami pang inspirasyonal na kwento!

#SocialEnterprise #Magsasaka #FilipinoSuccess #InspiringStories #Entrepreneurship #BuhayMagsasaka #ImpactInvesting #BusinessPH #GalingPinas #SuccessMindset #Agritech #SustainableAgriculture #Pagsasaka #OFWSuccess #PinoyPride #StartUpPH #Motivasyon #KwentoNgTagumpay #SmallBusinessBigImpact #FutureOfFarming","Nakakainspire, 'di ba? Ano ang pinaka-nakaantig sa'yo sa kwentong ito? I-share mo sa comments! At para di ma-miss ang iba pang mga kwento ng tagumpay na ito, wag kalimutang mag-subscribe at i-like ang video!",false,2026-09-27T09:12:47
19,Niloko ng kliyente at hindi binayaran — nagtayo ng sariling agency — naging pinakamalaking competitor ng kliyente,ceo_revenge,"Niloko ng Kliyente, Ngayon Sila ang Nilikha Ko! 😱 | CEO Stories PH","[NARRATOR]
Isang gabi, natulog siya sa kalsada na walang pera at walang matatakbuhan. Makalipas ang limang taon, ang dating niloko niyang kliyente ang humihingi ng pabor sa kanya.

Hayaan ninyong ikuwento ko kung paano nagsimula ang lahat.

[OP_MALE]
Ako si Marco. Nagsimula ako sa isang maliit na kwarto sa Tondo, kasama ang aking asawa, si Sarah. Pangarap ko lang naman noon ay magkaroon ng disenteng buhay para sa pamilya ko. Ang tanging puhunan ko ay ang aking skills sa digital marketing at ang tiwala na binigay sa akin ng aking unang malaking kliyente.

[NARRATOR]
Si Marco ay isang batikang digital marketer. Sa edad na 25, nagtatrabaho na siya sa isang malaking kumpanya, pero hindi sapat ang kinikita niya para sa mga pangarap na gusto niyang abutin para sa kanyang pamilya. Kaya nagdesisyon siyang mag-freelance. At agad naman siyang nakahanap ng isang kliyente na nangangako ng malaking proyekto.

I-like at mag-comment ng 💪 kung naiintindihan mo ang pakiramdam ng gustong umangat sa buhay.

[OP_MALE]
""Sir, kumusta na po yung bayad para sa campaign natin last month?"" tanong ko kay Mr. Dela Cruz, ang may-ari ng ""Apex Solutions.""

[CHARACTER_M]
""Ah, Marco, 'yung bayad? Medyo busy lang kami, alam mo naman ang negosyo. Sa susunod na linggo na lang siguro ha?"" sabi ni Mr. Dela Cruz. Ang boses niya ay parang walang problema.

[OP_MALE]
Dumaan ang isang linggo, wala pa rin. Sinubukan ko ulit siyang kontakin. ""Sir, urgent na po kasi kailangan namin ng pambayad ng renta,"" sabi ko.

[CHARACTER_M]
""Wala pa talaga, Marco. Baka hindi natin matuloy 'tong project. Pasensya na,"" sagot niya, at bigla na lang niyang binaba ang telepono.

[OP_MALE]
Naiwan akong tulala. Pambayad ng renta. Pambili ng gatas ng anak namin. Wala lahat. Ang buong proyekto na pinaghirapan namin ni Sarah, wala kaming natanggap na kahit singkong duling.

[CHARACTER_F]
""Marco, anong gagawin natin? Malapit na ang due date ng renta,"" umiiyak na sabi ni Sarah.

[OP_MALE]
Doon ko na-realize, hindi pwedeng umasa lang tayo sa iba. Kailangan nating ilaban 'to.

[NARRATOR]
Ang pagtataksil na ito ni Mr. Dela Cruz ang naging simula ng isang malaking pagbabago para kay Marco at Sarah. Pero ang susunod na mangyayari ay hindi nila inakala. Manatili kayo — dahil ang susunod na bahagi ay magpapatayo sa inyong balahibo.

[OP_MALE]
Umupo kami ni Sarah sa isang bench sa park. Wala kaming pera, pero may ideya kami. ""Sarah,"" sabi ko, ""Kung hindi tayo mababayaran, gagawa tayo ng sarili nating agency. At tayo ang magiging pinakamalaking competitor ni Mr. Dela Cruz.""

[CHARACTER_F]
""Kaya natin 'yan, Marco!"" sigaw ni Sarah, hawak ang kamay ko. ""Gawin natin 'to para sa pamilya natin.""

[NARRATOR]
Sa tulong ng kanilang kaunting ipon at malaking determinasyon, nagsimula silang bumuo ng ""Synergy Marketing Solutions."" Sa simula, mahirap. Maraming gabi silang nagpupuyat, kumakain ng instant noodles, at nagsasakripisyo ng oras para sa kanilang mga anak.

[OP_MALE]
Pero unti-unti, lumalaki ang Synergy. Dumarami ang kliyente. Hindi dahil sa malaking budget namin, kundi dahil sa resulta na binibigay namin. Nakilala kami sa pagiging tapat at sa pagbibigay ng higit pa sa inaasahan.

[CHARACTER_F]
""Marco, may tumatawag,"" sabi ni Sarah isang araw. ""Si Mr. Dela Cruz daw. Gusto daw makipagkita.""

[OP_MALE]
Nagtaka ako. Bakit naman ako tatawagan ng taong nanloko sa akin? Nang magkita kami, nakita ko ang pagod sa mukha niya.

[CHARACTER_M]
""Marco, naririnig ko ang ganda ng Synergy Marketing. Lumaki na kayo, ah,"" sabi ni Mr. Dela Cruz. ""Ang totoo niyan, nalulugi na kami. Gusto ko sana humingi ng tulong. Pwede bang maging consultant ka namin? Bigyan kita ng malaking porsyento sa kumpanya.""

[OP_MALE]
Natawa ako sa loob-loob ko. Ang dating niloko niya, ngayon ay nagmamakaawa. Tiningnan ko siya sa mata. ""Mr. Dela Cruz,"" sabi ko, ""Kapag ang isang tao ay nagtanim ng kasamaan, hindi niya inaasahan ang ani ng kabutihan. Ang Synergy Marketing Solutions ay lumago dahil sa aming dedikasyon at integridad. Hindi namin kayo tutulungan.""

[NARRATOR]
Hindi lang niya tinanggihan si Mr. Dela Cruz, kundi ginamit pa niya ang karanasan bilang inspirasyon. Sa loob lamang ng limang taon, ang Synergy Marketing Solutions ay naging isa sa mga pinakamalaki at pinaka-respetadong digital marketing agencies sa Pilipinas. Si Marco, mula sa pagiging biktima ng panlolo, ay naging isang inspirasyon sa marami. Ang dating niloko niya, ang Apex Solutions, ay tuluyan nang nagsara.

Ang kwento ni Marco ay patunay na ang bawat pagsubok ay isang pagkakataon upang lumakas. I-share ang kwentong ito sa mga kaibigan mo na kailangan ng inspirasyon. At huwag kalimutang mag-subscribe sa CEO Stories Philippines para sa marami pang kwentong tulad nito.","Niloko ka ba ng kliyente at hindi binayaran? 💔 Huwag mag-alala, dahil si [Pangalan ng CEO] ay niloko rin, pero ginamit niya 'yun para bumuo ng sarili niya at talunin pa ang dating nanloko sa kanya! 🚀

Sa episode na ito ng CEO Stories PH, ibabahagi ni [Pangalan ng CEO] ang kanyang nakakagulat na kwento ng pagbangon mula sa pagkalugi at pagtatayo ng isang napakalaking agency na ngayon ay kinatatakutan ng kanyang dating kliyente. Ito ang inspirasyon na kailangan mo para hindi sumuko! 💪

👇 MAG-COMMENT:
1. Ano ang pinakamalaking hamon na naranasan mo bilang negosyante? 🤔
2. Ano ang iyong takeaway mula sa kwento ni [Pangalan ng CEO]? ✨
3. Anong future episode ang gusto mong makita sa CEO Stories PH? 💡

⏱️ MGA KABANATA
0:00 - Ang Simula: Pagkalugi at Paghihiganti
1:30 - Ang Aral mula sa Panloloko
3:00 - Pagtatayo ng Sariling Agency: Ang Unang Hakbang
5:15 - Pagiging Pinakamalaking Competitor: Ang Thrill ng Laban
7:45 - Sikreto sa Tagumpay: Hindi Lang Pera ang Mahalaga
9:00 - Payo para sa mga Baguhang Negosyante

Kung na-inspire ka sa kwentong ito, huwag kalimutang mag-LIKE, mag-SUBSCRIBE, at i-SHARE sa iba pang gustong umangat! Salamat sa panonood!

#CEOSeriesPH #KwentoNgTagumpay #EntrepreneurshipPH #BusinessPH #Inspirasyon #Motibasyon #Negosyo #SuccessStory #StartupPH #FilipinoEntrepreneur #NeverGiveUp #Grind #Hustle #BusinessMindset #GrowthHacking #MillionaireMindset #PinoyPride #SmallBusinessPH #DigitalMarketingPH #EntrepreneurLife",Grabe 'di ba ang nangyari? Ano ang unang gagawin mo kung ikaw ay nasa posisyon ni CEO? Kwentuhan mo kami sa comments! Huwag kalimutang mag-like at mag-subscribe para sa mas marami pang kwentong nakakagulat!,false,2026-09-27T09:13:02
20,Pamilyang nag-aalaga ng kalabaw — ngayon ay may dairy products company na kilala sa buong rehiyon,family_business,Mula sa Pagsasaka hanggang Dairy Empire! 🤯 | CEO Stories PH,"[NARRATOR]
Isang umaga, kumakain siya ng kanin na may tubig lang dahil wala silang ulam. Makalipas ang dalawampung taon, ang kanyang produkto ang nasa mesa ng bawat Pilipinong pamilya. Hayaan ninyong ikuwento ko kung paano nagsimula ang lahat.

[OP]
Ako si Aling Nena. Lumaki ako sa isang maliit na barangay sa Bulacan. Ang buhay namin noon, puro hirap. Ang tatay ko magsasaka, at ang nanay ko, tumutulong lang sa bukid. Ang pinakamalaking asset namin, tatlong kalabaw. Sila ang aming sasakyan, ang aming katulong sa pagbubungkal, at ang ilan pa sa aming pagkain. Oo, kalabaw ang kinakain namin.

Ang pangarap ko lang noon, makatapos ng high school. Hindi ko naisip na makapagkolehiyo. Ang mahalaga, makatulong sa aking mga magulang. Tuwing umaga, bago pa sumikat ang araw, gising na ako. Pakainin ang mga kalabaw, maglinis ng kulungan. Pagkatapos, sasamahan ko si Tatay sa bukid. Kahit bata pa ako, ramdam ko na ang bigat ng responsibilidad.

[NARRATOR]
Sa kabila ng hirap, may pangarap si Aling Nena. Isang pangarap na tila malayo abutin, pero hindi niya binitawan. I-like at mag-comment ng 💪 kung naiintindihan mo ang pakiramdam ng lumaban para sa pangarap.

[OP]
Naisip ko noon, sana kahit papaano, may iba pa kaming mapagkukunan ng pera. Kasi ang kalabaw, hindi naman araw-araw nakakapagbigay ng gatas. Kung minsan, mayroon, pero kakaunti lang. Binibili lang ng mga kapitbahay namin, pampalasa sa sinigang. Ang kinikita namin, ubos agad sa pang-araw-araw na pangangailangan.

Isang araw, habang nagbebenta kami ng kaunting gatas ng kalabaw sa palengke, narinig ko ang usapan ng dalawang babae. Nag-uusap sila tungkol sa keso. Sabi nila, malaki daw ang kita sa paggawa ng keso galing sa gatas ng kalabaw. Nakinig ako ng mabuti. Nakaramdam ako ng kakaiba. Parang may bumulong sa akin.

[CHARACTER_M]
Nena, ano yang pinapakinggan mo?

[OP]
Ay, Mang Berting. Naririnig niyo ba sila? Sabi nila, malaki daw ang kita sa keso ng kalabaw.

[CHARACTER_M]
Keso? Nena, ang hirap gumawa niyan. At sino naman bibili ng keso natin? Puro gatas lang ang binibili ng mga tao dito.

[OP]
Pero Mang Berting, sabi nila, mas mahal daw ang keso kaysa gatas. At mas matagal daw itago. Hindi sayang kung hindi agad maibenta.

[CHARACTER_M]
Maganda yang naiisip mo, Nena. Pero wala tayong puhunan. At wala tayong alam diyan.

[OP]
Oo nga. Pero subukan natin, Mang Berting. Kahit kaunti lang. Ako na bahala sa gatas.

[NARRATOR]
Nais ni Aling Nena na baguhin ang kanilang buhay. Pero ang pagbabago ay hindi madali. May isang malaking balakid na hahadlang sa kanyang plano, isang pagsubok na halos magpatigil sa kanya. Manatili kayo — dahil ang susunod ay HINDI kapani-paniwala.

[OP]
Sinubukan kong gumawa ng keso gamit ang mga lumang recipe na nakuha ko sa isang matandang kapitbahay. Sa unang subok, hindi naging maganda ang resulta. Lasang alat lang at malabnaw. Sa pangalawang subok, masyadong matigas. Akala ko susuko na ako. Para akong nasasayang na ang kaunting gatas na pinaghirapan namin.

Isang gabi, habang naglilinis ako ng mga gamit sa kusina, nakita ko ang picture namin ng aking nanay. Umiiyak ako noon. Naalala ko ang mga sinabi niya bago siya pumanaw. Sabi niya, ""Nena, huwag kang susuko. Kaya mo yan.""

[CHARACTER_F]
Nena, ano bang ginagawa mo? Bakit parang wala kang tulog?

[OP]
Ay, Aling Sisa. Nagpupuyat lang. Sinusubukan ko gumawa ng keso.

[CHARACTER_F]
Keso ng kalabaw? Sabi ng nanay ko dati, masarap daw yan. Pero mahirap gawin.

[OP]
Oo nga po. Pero gusto ko pong matutunan. Sayang kasi ang gatas.

[CHARACTER_F]
Alam mo, Nena, may alam ako na paraan. Noong bata pa ako, tinuruan ako ng lola ko. Kailangan daw ng tamang init at tamang asim. Hindi ko na masyado maalala ang eksaktong sukat. Pero kung gusto mo, puwede nating subukan ulit.

[OP]
Talaga po, Aling Sisa? Maraming salamat po!

[NARRATOR]
Sa tulong ng isang mabuting kapitbahay, natutunan ni Aling Nena ang sikreto sa paggawa ng masarap na keso ng kalabaw. Ang kanyang determinasyon at sipag ay nagbunga. Ang kanyang negosyo, na nagsimula sa tatlong kalabaw at malaking pangarap, ay unti-unting lumago. Mula sa pagbebenta sa palengke, nagkaroon na siya ng sariling maliit na tindahan.

[OP]
Nagsimula ako sa maliit na batch. Kunti-kunti lang ang ginagawa ko. Dinadala ko sa mga malapit na bayan. Ang feedback, maganda! Sabi nila, ang sarap daw ng keso ko. Hindi daw tulad ng iba na masyadong maalat o matabang. Dahan-dahan, dumami ang bumibili. Nakaipon ako ng kaunti. Bumili pa kami ng kalabaw. Lumaki ang produksyon ng gatas.

Ang pinakamalaking pagbabago ay nang may pumunta sa akin mula sa isang malaking hotel sa Maynila. Gusto nila ng regular supply ng keso ng kalabaw para sa kanilang restaurant. Hindi ako makapaniwala! Iyon ang naging turning point ng aking buhay.

[NARRATOR]
Ang pangarap ni Aling Nena na makatulong sa kanyang pamilya ay hindi lang natupad, kundi nalampasan pa. Ang maliit na farm sa Bulacan ay naging isang kilalang dairy company. Ang kanyang mga produkto—keso, yogurt, at iba pa—ay makikita na sa mga grocery store sa buong bansa. Ang kwento ni Aling Nena ay patunay na sa sipag, tiyaga, at tamang diskarte, ang mga pangarap ay kayang abutin.

Ang mahalaga, huwag mawalan ng pag-asa. Kahit gaano kahirap ang buhay, laging may daan para sa pagbabago. I-share ang kwentong ito sa iyong mga kaibigan at pamilya para magbigay inspirasyon. At huwag kalimutang mag-subscribe para sa mas marami pang kwento ng tagumpay!","Mula sa simpleng pagsasaka hanggang sa pagbuo ng isang matagumpay na dairy empire! 🤯 Halina't sabayan natin ang nakamamanghang paglalakbay ng isang pamilyang nag-aalaga ng kalabaw na ngayon ay kilala sa buong rehiyon dahil sa kanilang masarap na dairy products.

Sa episode na ito ng CEO Stories PH, masisilip natin ang kanilang simula, mga hamon na kanilang nalampasan, at ang mga sikreto sa likod ng kanilang pag-unlad. Hindi lang ito kwento ng negosyo, kundi kwento ng sipag, tiyaga, at pagmamahal sa pamilya at sa kanilang pinagkakakitaan.

👇 MAG-COMMENT:
1. Ano ang paborito mong dairy product mula sa kalabaw? 🥛
2. Anong klaseng negosyo ang pangarap mong itayo sa hinaharap? 🚀
3. Mayroon ka bang kwento ng tagumpay na gusto mong ibahagi? I-share mo na! ✨

⏱️ MGA KABANATA:
0:00 Simula: Ang Pangarap ng Isang Pamilyang Magsasaka
1:35 Ang Unang Hakbang: Pag-aalaga ng Kalabaw
3:10 Mga Hamon sa Simula ng Negosyo
5:05 Pagbuo ng Sariling Dairy Products Brand
7:20 Sikreto sa Masarap at De-kalidad na Produkto
9:40 Pag-unlad at Paglawak ng Kumpanya
12:15 Mensahe ng Inspirasyon Mula sa CEO

Huwag kalimutang mag-SUBSCRIBE para sa mas marami pang nakaka-inspire na kwento ng tagumpay! 👍 I-LIKE ang video na ito kung nagustuhan mo at i-SHARE sa iyong mga kaibigan at pamilya para sila rin ay mabigyan ng inspirasyon.

#CEOStoriesPH #Tagumpay #Negosyo #Pamilya #DairyEmpire #Kalabaw #Inspirasyon #SuccessStory #FilipinoPride #Entrepreneurship #AgriBusiness #FromFarmToTable #SmallBusinessPH #BusinessGrowth #Motivation #DreamsDoComeTrue #Pagsasaka #Gatas #LocalProducts #PHSuccess","Grabe, nakakabilib 'di ba? Ano ang pinaka-inspiring na aral na nakuha mo sa kuwentong ito? I-share mo sa comments! Wag kalimutang i-like ang video at mag-subscribe para sa mas marami pang kwentong nakakagulat at nakakaantig!",false,2026-09-27T09:13:18
21,Isang Filipina na nagtrabaho bilang massage therapist sa Thailand — nagtayo ng spa — ngayon ay may wellness chain,overseas_dream,MULA Massage Therapist Hanggang Wellness Tycoon! 😱 | CEO Stories PH,"[NARRATOR]
Sa isang maliit na kwarto sa Bangkok, habang malamig ang sahig at umuulan sa labas, nanumpa ang isang Pilipina na gagawin niyang pangarap ang kanyang realidad. Hindi niya alam noon, pero ang pagpapatulo ng luha niya sa gabing iyon ang magiging simula ng isang imperyo ng wellness na ngayon ay kinikilala sa buong mundo.

Hayaan ninyong ikuwento ko kung paano nagsimula ang lahat.

[OP]
Ako si Maria, 28 taong gulang noon. Ang tanging puhunan ko lang ay ang aking mga kamay at ang pangakong hindi ako susuko. Lumipad ako ng Pilipinas para magtrabaho bilang massage therapist sa Thailand. Ang akala ko, madali lang. Pero ang totoo, mas malayo pa sa inaakala ko ang aking lalakbayin.

Nagsimula ako sa isang maliit na spa sa isang kanto sa Bangkok. Ang sahod ko? Sapat lang para makakain at makapagpadala ng kaunti sa pamilya ko sa probinsya. Ang kondisyon ng lugar? Hindi maganda. Madalas, malamig ang kwarto, at ang mga kagamitan, luma na. Madalas, pagkatapos ng mahabang araw ng pagmamasahe, sa sahig lang ako natutulog dahil wala akong sariling apartment. Nilalamig ako, at ang tanging kasama ko ay ang aking mga pangarap at ang pangakong babawi ako.

Madalas kong isipin ang pamilya ko. Ang nanay ko na nagkasakit, ang mga kapatid ko na nag-aaral pa. Sila ang inspirasyon ko. Sabi ko sa sarili ko, ""Maria, hindi ito ang katapusan. Ito ang simula.""

[NARRATOR]
Nakakakilabot isipin ang sitwasyon ni Maria noon. Ang maranasan ang ganitong kahirapan, malayo sa pamilya, sa ibang bansa pa. Pero ang hindi niya alam, ang bawat hirap na kanyang dinanas ay nagiging pundasyon ng kanyang malaking tagumpay. I-like at mag-comment ng 💪 kung naiintindihan mo ang pakiramdam ng lumalaban para sa pangarap.

[OP]
Habang nagtatrabaho ako, napansin ko ang mga paulit-ulit na reklamo ng mga kliyente. Gusto nila ng mas personal na serbisyo, mas malinis na lugar, at mas specialized na treatment. Nakakakita ako ng oportunidad. Naisip ko, bakit hindi ako magtayo ng sarili kong spa? Pero saan ako kukuha ng puhunan?

Isang araw, habang naglilinis ako ng kwarto, narinig ko ang usapan ng dalawang kliyente.

[CHARACTER_M]
Nakakainis talaga ang service dito. Puro lang classical massage. Gusto ko sana ng something more holistic, parang may kasamang aromatherapy at meditation.

[CHARACTER_F]
Oo nga, at ang linis ng lugar. Minsan, parang hindi na nalilinis.

[OP]
Nakinig ako nang mabuti. Naisip ko, ito na yun! Ito ang market na hindi nila napapansin. Napakalaking pangangailangan.

Kinausap ko ang may-ari ng spa kung saan ako nagtatrabaho.

[OP]
Boss, pwede po ba akong mag-suggest ng bagong services? Yung holistic approach, aromatherapy, at yung mas personalized na treatment?

[CHARACTER_M2]
Maria, magaling ka sa masahe, pero huwag ka nang mangialam sa business. Stick to what you know.

[OP]
Pero boss, nakikita ko po yung demand. Pwede po nating pagandahin ang spa.

[CHARACTER_M2]
Wala akong interes sa mga ideya mo. Gawin mo na lang ang trabaho mo.

[NARRATOR]
Tigas ng puso ng boss niya. Pero alam niyo ba, ang pagtanggi na iyon ang magiging pinakamalaking biyaya para kay Maria? Dahil sa pagtanggi na iyon, mas lalong nagbuhos siya ng oras at lakas para sa kanyang sariling pangarap. Manatili kayo — dahil ang susunod na mangyayari ay magpapabago sa lahat ng inaasahan ninyo.

[OP]
Matapos yung pagtanggi ng boss ko, lalo akong na-discourage. Parang gusto ko na sumuko. Pero naaalala ko ang nanay ko. Bumalik ako sa kwarto ko, humiga sa malamig na sahig, at umiyak. Pero sa gitna ng luha ko, may isang bagay na naramdaman ko: galit. Galit sa sitwasyon ko, galit sa pagtanggi nila. At ang galit na iyon ay ginawa kong lakas.

Nagsimula akong mag-ipon. Bawat baht na kinikita ko, iniipon ko. Kumakain ako ng lugaw araw-araw. Naglakad na lang ako para makatipid sa pamasahe. Tiniis ko ang gutom, ang lamig, ang pagod.

Isang araw, habang naglalakad ako sa isang kilalang tourist spot sa Bangkok, nakakita ako ng maliit na pwesto na bakante. Hindi maganda, pero may potensyal. Dito ko naisip, ito na ang pagkakataon ko.

Pinuntahan ko ang may-ari ng property.

[OP]
Sir, pwede ko po bang paupahan itong pwesto niyo?

[CHARACTER_M]
Mahina ang negosyo dito. Sino ka ba? Ano ang plano mo?

[OP]
Magtatayo po ako ng sarili kong spa. Hindi lang ordinaryong spa. Yung holistic, yung parang retreat. Yung kakaiba.

[CHARACTER_M]
Wala kang puhunan. Paano mo babayaran ang upa?

[OP]
Bibigyan ko po kayo ng advance payment. Kahit maliit lang, basta mabigyan niyo ako ng chance.

[NARRATOR]
Dito na pumasok ang isang hindi inaasahang tulong. Ang tao na una niyang nakausap, si Mr. Somchai, ay nagulat sa determinasyon at sa linis ng mga mata ni Maria.

[CHARACTER_M]
Alam mo, nakakita na ako ng maraming tao na gustong magnegosyo dito. Pero sa'yo, iba eh. Sige, bigyan kita ng chance. Pero kailangan mo ring patunayan mo sa akin ang sarili mo.

[OP]
Salamat po, Mr. Somchai! Hindi niyo pagsisisihan.

[NARRATOR]
Binigay ni Maria ang lahat ng naipon niya. Gamit ang natitirang pera, bumili siya ng konting kagamitan, mga kandila, essential oils, at mga tuwalya. Ang spa niya? Wala pang 5 square meters. Ang sahig, nilagyan niya ng banig. Ang ilaw, mumurahin lang. Pero ang puso niya, puno ng pangarap at determinasyon.

Tinawag niya itong ""Serenity Haven.""

[NARRATOR]
Bumukas ang Serenity Haven. Ang mga unang kliyente niya? Mga Pilipinong OFW na nakakakilala sa kanya. At ang mga turista na naghahanap ng kakaiba. Ang serbisyo ni Maria? Higit pa sa inaasahan nila. Bawat masahe, may kasamang kwentuhan, may kasamang pag-intindi. Hindi lang masahe ang binibigay niya, kundi pagmamahal at pag-aalaga.

[OP]
Nagulat ako sa naging takbo ng negosyo. Araw-araw, puno ang schedule ko. Ang iba, nagrereklamo kung bakit wala nang available. Narinig ko minsan ang isang kliyente na nagsabi sa kaibigan niya.

[CHARACTER_F2]
Grabe, si Maria, ang galing niya. Hindi lang sa masahe, pati sa pakikinig. Ramdam mo talaga yung pagmamahal niya sa ginagawa niya.

[OP]
Sa wakas, nakakapagpadala na ako ng malaki sa pamilya ko. Nakapagpatayo na ako ng maliit na bahay para kay Nanay. Ang hirap na dinanas ko noon, para bang nawala na lang.

[NARRATOR]
Ang Serenity Haven ay naging sikat. Mula sa maliit na pwesto, lumipat si Maria sa mas malaking lugar. Hindi lang ito spa, kundi isang wellness center. Nagdagdag siya ng mga yoga classes, meditation sessions, at healthy food options. Naging paborito siya ng mga local at mga turista.

Pero hindi nagtapos doon ang pangarap ni Maria. Naisip niya, bakit hindi niya ito palakihin pa? Bakit hindi niya gawing isang chain?

[OP]
Naisip ko, bakit hindi ko ituro sa iba ang aking natutunan? Bakit hindi ako mag-hire ng ibang mga Pilipina na mangangarap din? Pwedeng-pwede natin itong gawin.

[NARRATOR]
Binuksan niya ang kanyang unang branch sa Bangkok. Pagkatapos, sa Chiang Mai. Sunod, sa Phuket. Ang bawat branch, pinamahalaan niya ng maayos. Nagtayo siya ng training center para sa mga empleyado niya, lalo na sa mga kapwa Pilipina. Ang dating therapist na nagpupuyat sa sahig, ngayon ay nagbibigay na ng trabaho at pag-asa sa marami.

Ngayon, ang ""Serenity Haven"" ay hindi na lang isang spa. Ito ay isang wellness chain na may branches sa iba't ibang bansa sa Asya. Si Maria, ang dating masaherang natutulog sa sahig, ay isa na ngayong matagumpay na CEO.

Ang kanyang kwento ay patunay na kahit saan ka magsimula, gaano man kahirap ang iyong pinagdadaanan, basta may determinasyon at tiwala sa sarili, kaya mong abutin ang iyong mga pangarap. Ang paghihirap na dinanas niya noon ang nagbigay sa kanya ng lakas at karunungan para buuin ang kanyang imperyo.

Huwag kalimutang mag-subscribe sa aming channel para sa marami pang kwentong pagbangon at inspirasyon. I-share mo naman ito sa mga kaibigan mo na nangangailangan ng pag-asa. At mag-iwan ng comment kung ano ang aral na nakuha mo sa kwento ni Maria. Salamat sa panonood!","Mula sa masahe sa Thailand, naging isang wellness empire builder! 👑 Kilalanin natin ang isang Filipina na nagpatunay na ang sipag at diskarte ay kayang bumago ng buhay.

Sa episode na ito ng CEO Stories PH, makikinig tayo sa nakaka-inspire na paglalakbay ni [Pangalan ng CEO, kung alam mo] mula sa pagiging isang massage therapist hanggang sa pagtatayo ng isang matagumpay na wellness chain. Paano niya nalampasan ang mga hamon? Ano ang kanyang mga sikreto sa tagumpay?

👇 MAG-COMMENT:
1. Ano ang pinaka-inspirasyon sa kwento niya para sa'yo?
2. Anong negosyo ang pangarap mong itayo?
3. May wellness tips ka bang maibabahagi?

⏱️ MGA KABANATA:
0:00 - Intro: Mula Therapist hanggang Tycoon! 😱
1:30 - Ang Simula: Buhay bilang Massage Therapist sa Thailand
3:45 - Ang Panganib at Pagsisimula ng Unang Spa
6:20 - Pagpapalago ng Negosyo: Challenges at Breakthroughs
9:10 - Ang Vision: Pagbuo ng Wellness Chain
12:00 - Mga Payo para sa mga Nagsisimulang Negosyante

Kung nagustuhan mo ang kwento niya, siguraduhing mag-SUBSCRIBE sa CEO Stories PH para sa mas marami pang nakaka-inspire na interviews! Huwag kalimutang mag-LIKE, mag-SHARE sa iyong mga kaibigan at pamilya, at i-click ang notification bell 🔔 para updated ka sa aming mga bagong upload!

#CEOSStoriesPH #FilipinaEntrepreneur #WellnessTycoon #SuccessStoryPH #InspirationPH #NegosyoPH #WomenInBusiness #PinayPower #FromZeroToHero #EntrepreneurMindset #BusinessPH #InspiringJourney #DreamBig #HustlePH #Grit #Resilience #StartupPH #SuccessMindset #Tagumpay #Motivasyon","Grabe, nakaka-inspire 'di ba? Ikaw, anong pangarap mong i-achieve sa buhay? I-share mo sa comments, at huwag kalimutang i-like at mag-subscribe para sa marami pang kwentong tulad nito!",false,2026-09-27T09:13:39
